"Label","Alabama!!Total!!Estimate","Alabama!!Total!!Margin of Error","Alabama!!Public Coverage!!Estimate","Alabama!!Public Coverage!!Margin of Error","Alabama!!Percent Public Coverage!!Estimate","Alabama!!Percent Public Coverage!!Margin of Error","Alaska!!Total!!Estimate","Alaska!!Total!!Margin of Error","Alaska!!Public Coverage!!Estimate","Alaska!!Public Coverage!!Margin of Error","Alaska!!Percent Public Coverage!!Estimate","Alaska!!Percent Public Coverage!!Margin of Error","Arizona!!Total!!Estimate","Arizona!!Total!!Margin of Error","Arizona!!Public Coverage!!Estimate","Arizona!!Public Coverage!!Margin of Error","Arizona!!Percent Public Coverage!!Estimate","Arizona!!Percent Public Coverage!!Margin of Error","Arkansas!!Total!!Estimate","Arkansas!!Total!!Margin of Error","Arkansas!!Public Coverage!!Estimate","Arkansas!!Public Coverage!!Margin of Error","Arkansas!!Percent Public Coverage!!Estimate","Arkansas!!Percent Public Coverage!!Margin of Error","California!!Total!!Estimate","California!!Total!!Margin of Error","California!!Public Coverage!!Estimate","California!!Public Coverage!!Margin of Error","California!!Percent Public Coverage!!Estimate","California!!Percent Public Coverage!!Margin of Error","Colorado!!Total!!Estimate","Colorado!!Total!!Margin of Error","Colorado!!Public Coverage!!Estimate","Colorado!!Public Coverage!!Margin of Error","Colorado!!Percent Public Coverage!!Estimate","Colorado!!Percent Public Coverage!!Margin of Error","Connecticut!!Total!!Estimate","Connecticut!!Total!!Margin of Error","Connecticut!!Public Coverage!!Estimate","Connecticut!!Public Coverage!!Margin of Error","Connecticut!!Percent Public Coverage!!Estimate","Connecticut!!Percent Public Coverage!!Margin of Error","Delaware!!Total!!Estimate","Delaware!!Total!!Margin of Error","Delaware!!Public Coverage!!Estimate","Delaware!!Public Coverage!!Margin of Error","Delaware!!Percent Public Coverage!!Estimate","Delaware!!Percent Public Coverage!!Margin of Error","District of Columbia!!Total!!Estimate","District of Columbia!!Total!!Margin of Error","District of Columbia!!Public Coverage!!Estimate","District of Columbia!!Public Coverage!!Margin of Error","District of Columbia!!Percent Public Coverage!!Estimate","District of Columbia!!Percent Public Coverage!!Margin of Error","Florida!!Total!!Estimate","Florida!!Total!!Margin of Error","Florida!!Public Coverage!!Estimate","Florida!!Public Coverage!!Margin of Error","Florida!!Percent Public Coverage!!Estimate","Florida!!Percent Public Coverage!!Margin of Error","Georgia!!Total!!Estimate","Georgia!!Total!!Margin of Error","Georgia!!Public Coverage!!Estimate","Georgia!!Public Coverage!!Margin of Error","Georgia!!Percent Public Coverage!!Estimate","Georgia!!Percent Public Coverage!!Margin of Error","Hawaii!!Total!!Estimate","Hawaii!!Total!!Margin of Error","Hawaii!!Public Coverage!!Estimate","Hawaii!!Public Coverage!!Margin of Error","Hawaii!!Percent Public Coverage!!Estimate","Hawaii!!Percent Public Coverage!!Margin of Error","Idaho!!Total!!Estimate","Idaho!!Total!!Margin of Error","Idaho!!Public Coverage!!Estimate","Idaho!!Public Coverage!!Margin of Error","Idaho!!Percent Public Coverage!!Estimate","Idaho!!Percent Public Coverage!!Margin of Error","Illinois!!Total!!Estimate","Illinois!!Total!!Margin of Error","Illinois!!Public Coverage!!Estimate","Illinois!!Public Coverage!!Margin of Error","Illinois!!Percent Public Coverage!!Estimate","Illinois!!Percent Public Coverage!!Margin of Error","Indiana!!Total!!Estimate","Indiana!!Total!!Margin of Error","Indiana!!Public Coverage!!Estimate","Indiana!!Public Coverage!!Margin of Error","Indiana!!Percent Public Coverage!!Estimate","Indiana!!Percent Public Coverage!!Margin of Error","Iowa!!Total!!Estimate","Iowa!!Total!!Margin of Error","Iowa!!Public Coverage!!Estimate","Iowa!!Public Coverage!!Margin of Error","Iowa!!Percent Public Coverage!!Estimate","Iowa!!Percent Public Coverage!!Margin of Error","Kansas!!Total!!Estimate","Kansas!!Total!!Margin of Error","Kansas!!Public Coverage!!Estimate","Kansas!!Public Coverage!!Margin of Error","Kansas!!Percent Public Coverage!!Estimate","Kansas!!Percent Public Coverage!!Margin of Error","Kentucky!!Total!!Estimate","Kentucky!!Total!!Margin of Error","Kentucky!!Public Coverage!!Estimate","Kentucky!!Public Coverage!!Margin of Error","Kentucky!!Percent Public Coverage!!Estimate","Kentucky!!Percent Public Coverage!!Margin of Error","Louisiana!!Total!!Estimate","Louisiana!!Total!!Margin of Error","Louisiana!!Public Coverage!!Estimate","Louisiana!!Public Coverage!!Margin of Error","Louisiana!!Percent Public Coverage!!Estimate","Louisiana!!Percent Public Coverage!!Margin of Error","Maine!!Total!!Estimate","Maine!!Total!!Margin of Error","Maine!!Public Coverage!!Estimate","Maine!!Public Coverage!!Margin of Error","Maine!!Percent Public Coverage!!Estimate","Maine!!Percent Public Coverage!!Margin of Error","Maryland!!Total!!Estimate","Maryland!!Total!!Margin of Error","Maryland!!Public Coverage!!Estimate","Maryland!!Public Coverage!!Margin of Error","Maryland!!Percent Public Coverage!!Estimate","Maryland!!Percent Public Coverage!!Margin of Error","Massachusetts!!Total!!Estimate","Massachusetts!!Total!!Margin of Error","Massachusetts!!Public Coverage!!Estimate","Massachusetts!!Public Coverage!!Margin of Error","Massachusetts!!Percent Public Coverage!!Estimate","Massachusetts!!Percent Public Coverage!!Margin of Error","Michigan!!Total!!Estimate","Michigan!!Total!!Margin of Error","Michigan!!Public Coverage!!Estimate","Michigan!!Public Coverage!!Margin of Error","Michigan!!Percent Public Coverage!!Estimate","Michigan!!Percent Public Coverage!!Margin of Error","Minnesota!!Total!!Estimate","Minnesota!!Total!!Margin of Error","Minnesota!!Public Coverage!!Estimate","Minnesota!!Public Coverage!!Margin of Error","Minnesota!!Percent Public Coverage!!Estimate","Minnesota!!Percent Public Coverage!!Margin of Error","Mississippi!!Total!!Estimate","Mississippi!!Total!!Margin of Error","Mississippi!!Public Coverage!!Estimate","Mississippi!!Public Coverage!!Margin of Error","Mississippi!!Percent Public Coverage!!Estimate","Mississippi!!Percent Public Coverage!!Margin of Error","Missouri!!Total!!Estimate","Missouri!!Total!!Margin of Error","Missouri!!Public Coverage!!Estimate","Missouri!!Public Coverage!!Margin of Error","Missouri!!Percent Public Coverage!!Estimate","Missouri!!Percent Public Coverage!!Margin of Error","Montana!!Total!!Estimate","Montana!!Total!!Margin of Error","Montana!!Public Coverage!!Estimate","Montana!!Public Coverage!!Margin of Error","Montana!!Percent Public Coverage!!Estimate","Montana!!Percent Public Coverage!!Margin of Error","Nebraska!!Total!!Estimate","Nebraska!!Total!!Margin of Error","Nebraska!!Public Coverage!!Estimate","Nebraska!!Public Coverage!!Margin of Error","Nebraska!!Percent Public Coverage!!Estimate","Nebraska!!Percent Public Coverage!!Margin of Error","Nevada!!Total!!Estimate","Nevada!!Total!!Margin of Error","Nevada!!Public Coverage!!Estimate","Nevada!!Public Coverage!!Margin of Error","Nevada!!Percent Public Coverage!!Estimate","Nevada!!Percent Public Coverage!!Margin of Error","New Hampshire!!Total!!Estimate","New Hampshire!!Total!!Margin of Error","New Hampshire!!Public Coverage!!Estimate","New Hampshire!!Public Coverage!!Margin of Error","New Hampshire!!Percent Public Coverage!!Estimate","New Hampshire!!Percent Public Coverage!!Margin of Error","New Jersey!!Total!!Estimate","New Jersey!!Total!!Margin of Error","New Jersey!!Public Coverage!!Estimate","New Jersey!!Public Coverage!!Margin of Error","New Jersey!!Percent Public Coverage!!Estimate","New Jersey!!Percent Public Coverage!!Margin of Error","New Mexico!!Total!!Estimate","New Mexico!!Total!!Margin of Error","New Mexico!!Public Coverage!!Estimate","New Mexico!!Public Coverage!!Margin of Error","New Mexico!!Percent Public Coverage!!Estimate","New Mexico!!Percent Public Coverage!!Margin of Error","New York!!Total!!Estimate","New York!!Total!!Margin of Error","New York!!Public Coverage!!Estimate","New York!!Public Coverage!!Margin of Error","New York!!Percent Public Coverage!!Estimate","New York!!Percent Public Coverage!!Margin of Error","North Carolina!!Total!!Estimate","North Carolina!!Total!!Margin of Error","North Carolina!!Public Coverage!!Estimate","North Carolina!!Public Coverage!!Margin of Error","North Carolina!!Percent Public Coverage!!Estimate","North Carolina!!Percent Public Coverage!!Margin of Error","North Dakota!!Total!!Estimate","North Dakota!!Total!!Margin of Error","North Dakota!!Public Coverage!!Estimate","North Dakota!!Public Coverage!!Margin of Error","North Dakota!!Percent Public Coverage!!Estimate","North Dakota!!Percent Public Coverage!!Margin of Error","Ohio!!Total!!Estimate","Ohio!!Total!!Margin of Error","Ohio!!Public Coverage!!Estimate","Ohio!!Public Coverage!!Margin of Error","Ohio!!Percent Public Coverage!!Estimate","Ohio!!Percent Public Coverage!!Margin of Error","Oklahoma!!Total!!Estimate","Oklahoma!!Total!!Margin of Error","Oklahoma!!Public Coverage!!Estimate","Oklahoma!!Public Coverage!!Margin of Error","Oklahoma!!Percent Public Coverage!!Estimate","Oklahoma!!Percent Public Coverage!!Margin of Error","Oregon!!Total!!Estimate","Oregon!!Total!!Margin of Error","Oregon!!Public Coverage!!Estimate","Oregon!!Public Coverage!!Margin of Error","Oregon!!Percent Public Coverage!!Estimate","Oregon!!Percent Public Coverage!!Margin of Error","Pennsylvania!!Total!!Estimate","Pennsylvania!!Total!!Margin of Error","Pennsylvania!!Public Coverage!!Estimate","Pennsylvania!!Public Coverage!!Margin of Error","Pennsylvania!!Percent Public Coverage!!Estimate","Pennsylvania!!Percent Public Coverage!!Margin of Error","Rhode Island!!Total!!Estimate","Rhode Island!!Total!!Margin of Error","Rhode Island!!Public Coverage!!Estimate","Rhode Island!!Public Coverage!!Margin of Error","Rhode Island!!Percent Public Coverage!!Estimate","Rhode Island!!Percent Public Coverage!!Margin of Error","South Carolina!!Total!!Estimate","South Carolina!!Total!!Margin of Error","South Carolina!!Public Coverage!!Estimate","South Carolina!!Public Coverage!!Margin of Error","South Carolina!!Percent Public Coverage!!Estimate","South Carolina!!Percent Public Coverage!!Margin of Error","South Dakota!!Total!!Estimate","South Dakota!!Total!!Margin of Error","South Dakota!!Public Coverage!!Estimate","South Dakota!!Public Coverage!!Margin of Error","South Dakota!!Percent Public Coverage!!Estimate","South Dakota!!Percent Public Coverage!!Margin of Error","Tennessee!!Total!!Estimate","Tennessee!!Total!!Margin of Error","Tennessee!!Public Coverage!!Estimate","Tennessee!!Public Coverage!!Margin of Error","Tennessee!!Percent Public Coverage!!Estimate","Tennessee!!Percent Public Coverage!!Margin of Error","Texas!!Total!!Estimate","Texas!!Total!!Margin of Error","Texas!!Public Coverage!!Estimate","Texas!!Public Coverage!!Margin of Error","Texas!!Percent Public Coverage!!Estimate","Texas!!Percent Public Coverage!!Margin of Error","Utah!!Total!!Estimate","Utah!!Total!!Margin of Error","Utah!!Public Coverage!!Estimate","Utah!!Public Coverage!!Margin of Error","Utah!!Percent Public Coverage!!Estimate","Utah!!Percent Public Coverage!!Margin of Error","Vermont!!Total!!Estimate","Vermont!!Total!!Margin of Error","Vermont!!Public Coverage!!Estimate","Vermont!!Public Coverage!!Margin of Error","Vermont!!Percent Public Coverage!!Estimate","Vermont!!Percent Public Coverage!!Margin of Error","Virginia!!Total!!Estimate","Virginia!!Total!!Margin of Error","Virginia!!Public Coverage!!Estimate","Virginia!!Public Coverage!!Margin of Error","Virginia!!Percent Public Coverage!!Estimate","Virginia!!Percent Public Coverage!!Margin of Error","Washington!!Total!!Estimate","Washington!!Total!!Margin of Error","Washington!!Public Coverage!!Estimate","Washington!!Public Coverage!!Margin of Error","Washington!!Percent Public Coverage!!Estimate","Washington!!Percent Public Coverage!!Margin of Error","West Virginia!!Total!!Estimate","West Virginia!!Total!!Margin of Error","West Virginia!!Public Coverage!!Estimate","West Virginia!!Public Coverage!!Margin of Error","West Virginia!!Percent Public Coverage!!Estimate","West Virginia!!Percent Public Coverage!!Margin of Error","Wisconsin!!Total!!Estimate","Wisconsin!!Total!!Margin of Error","Wisconsin!!Public Coverage!!Estimate","Wisconsin!!Public Coverage!!Margin of Error","Wisconsin!!Percent Public Coverage!!Estimate","Wisconsin!!Percent Public Coverage!!Margin of Error","Wyoming!!Total!!Estimate","Wyoming!!Total!!Margin of Error","Wyoming!!Public Coverage!!Estimate","Wyoming!!Public Coverage!!Margin of Error","Wyoming!!Percent Public Coverage!!Estimate","Wyoming!!Percent Public Coverage!!Margin of Error","Puerto Rico!!Total!!Estimate","Puerto Rico!!Total!!Margin of Error","Puerto Rico!!Public Coverage!!Estimate","Puerto Rico!!Public Coverage!!Margin of Error","Puerto Rico!!Percent Public Coverage!!Estimate","Puerto Rico!!Percent Public Coverage!!Margin of Error"
"Civilian noninstitutionalized population","4,822,514","±2,254","1,796,639","±23,740","37.3%","±0.5","705,772","±2,037","248,412","±9,576","35.2%","±1.3","7,165,904","±2,678","2,749,973","±30,391","38.4%","±0.4","2,962,596","±1,558","1,303,079","±16,341","44.0%","±0.6","38,997,581","±6,171","14,748,648","±72,790","37.8%","±0.2","5,664,199","±2,865","1,785,362","±27,980","31.5%","±0.5","3,514,562","±1,468","1,303,408","±18,836","37.1%","±0.5","956,378","±1,518","377,598","±12,152","39.5%","±1.3","696,599","±606","238,129","±9,667","34.2%","±1.4","21,156,770","±4,768","7,780,246","±45,790","36.8%","±0.2","10,420,412","±3,759","3,272,462","±29,917","31.4%","±0.3","1,358,715","±2,695","493,029","±9,102","36.3%","±0.7","1,764,911","±1,043","573,254","±13,548","32.5%","±0.8","12,488,377","±2,547","4,183,954","±35,561","33.5%","±0.3","6,631,529","±1,184","2,231,897","±23,196","33.7%","±0.3","3,111,914","±664","1,122,704","±17,796","36.1%","±0.6","2,851,831","±2,523","845,308","±12,455","29.6%","±0.4","4,384,896","±1,584","1,892,662","±23,796","43.2%","±0.5","4,539,690","±2,739","2,012,905","±24,213","44.3%","±0.5","1,327,623","±956","513,061","±10,327","38.6%","±0.8","5,945,846","±2,328","1,990,757","±24,911","33.5%","±0.4","6,820,969","±1,160","2,461,014","±29,831","36.1%","±0.4","9,879,486","±1,274","3,828,692","±28,977","38.8%","±0.3","5,580,828","±759","1,835,153","±19,811","32.9%","±0.4","2,904,609","±2,077","1,145,082","±19,760","39.4%","±0.7","6,020,665","±2,166","1,941,045","±19,930","32.2%","±0.3","1,053,646","±851","428,101","±9,495","40.6%","±0.9","1,904,211","±1,300","538,914","±11,213","28.3%","±0.6","3,043,419","±1,941","1,028,081","±17,570","33.8%","±0.6","1,343,337","±756","431,143","±10,912","32.1%","±0.8","8,775,976","±1,983","2,777,669","±26,772","31.7%","±0.3","2,058,918","±1,889","1,031,497","±17,264","50.1%","±0.8","19,212,803","±2,719","7,610,922","±56,139","39.6%","±0.3","10,281,062","±4,093","3,586,978","±30,539","34.9%","±0.3","744,172","±1,649","202,182","±7,696","27.2%","±1.0","11,514,951","±1,996","4,283,329","±33,593","37.2%","±0.3","3,871,658","±2,168","1,337,323","±13,327","34.5%","±0.3","4,175,002","±1,934","1,606,220","±22,658","38.5%","±0.5","12,593,136","±2,228","4,731,888","±31,196","37.6%","±0.2","1,043,753","±834","377,550","±11,820","36.2%","±1.1","5,048,513","±3,456","1,875,283","±22,774","37.1%","±0.4","867,305","±718","266,521","±7,775","30.7%","±0.9","6,719,315","±2,809","2,430,922","±26,837","36.2%","±0.4","28,514,428","±5,539","8,076,243","±52,937","28.3%","±0.2","3,178,394","±1,835","657,006","±13,809","20.7%","±0.4","618,064","±329","259,291","±6,913","42.0%","±1.1","8,303,671","±6,301","2,551,160","±27,662","30.7%","±0.3","7,497,453","±3,993","2,641,430","±29,430","35.2%","±0.4","1,762,052","±1,241","837,800","±14,398","47.5%","±0.8","5,751,404","±1,109","1,907,166","±18,657","33.2%","±0.3","568,859","±919","165,870","±5,199","29.2%","±0.9","3,169,528","±931","1,923,517","±19,932","60.7%","±0.6"
"COVERAGE ALONE OR IN COMBINATION","","","","","","","","","","","","","","","","","","","","","","","","","","","","","","","","","","","","","","","","","","","","","","","","","","","","","","","","","","","","","","","","","","","","","","","","","","","","","","","","","","","","","","","","","","","","","","","","","","","","","","","","","","","","","","","","","","","","","","","","","","","","","","","","","","","","","","","","","","","","","","","","","","","","","","","","","","","","","","","","","","","","","","","","","","","","","","","","","","","","","","","","","","","","","","","","","","","","","","","","","","","","","","","","","","","","","","","","","","","","","","","","","","","","","","","","","","","","","","","","","","","","","","","","","","","","","","","","","","","","","","","","","","","","","","","","","","","","","","","","","","","","","","","","","","","","","","","","","","","","","","","","","","","","","","","",""
"    Medicare coverage alone or in combination","(X)","(X)","1,002,797","±10,248","20.8%","±0.2","(X)","(X)","98,749","±3,245","14.0%","±0.5","(X)","(X)","1,413,075","±11,032","19.7%","±0.2","(X)","(X)","613,935","±6,267","20.7%","±0.2","(X)","(X)","6,099,834","±22,221","15.6%","±0.1","(X)","(X)","885,809","±6,470","15.6%","±0.1","(X)","(X)","648,391","±5,388","18.4%","±0.2","(X)","(X)","206,721","±2,907","21.6%","±0.3","(X)","(X)","91,923","±2,655","13.2%","±0.4","(X)","(X)","4,782,128","±16,667","22.6%","±0.1","(X)","(X)","1,705,477","±11,855","16.4%","±0.1","(X)","(X)","275,116","±3,343","20.2%","±0.2","(X)","(X)","316,938","±4,450","18.0%","±0.3","(X)","(X)","2,147,220","±11,842","17.2%","±0.1","(X)","(X)","1,196,696","±7,775","18.0%","±0.1","(X)","(X)","586,776","±5,104","18.9%","±0.2","(X)","(X)","507,608","±4,655","17.8%","±0.2","(X)","(X)","898,979","±8,349","20.5%","±0.2","(X)","(X)","848,218","±9,626","18.7%","±0.2","(X)","(X)","315,077","±3,454","23.7%","±0.3","(X)","(X)","1,018,034","±11,703","17.1%","±0.2","(X)","(X)","1,221,010","±7,969","17.9%","±0.1","(X)","(X)","1,988,482","±9,510","20.1%","±0.1","(X)","(X)","955,203","±6,232","17.1%","±0.1","(X)","(X)","573,317","±7,289","19.7%","±0.3","(X)","(X)","1,176,229","±8,118","19.5%","±0.1","(X)","(X)","224,014","±2,922","21.3%","±0.3","(X)","(X)","325,697","±3,411","17.1%","±0.2","(X)","(X)","531,159","±5,030","17.5%","±0.2","(X)","(X)","271,114","±3,486","20.2%","±0.3","(X)","(X)","1,540,209","±7,709","17.6%","±0.1","(X)","(X)","421,672","±5,260","20.5%","±0.3","(X)","(X)","3,471,241","±15,896","18.1%","±0.1","(X)","(X)","1,943,472","±10,661","18.9%","±0.1","(X)","(X)","122,416","±2,163","16.4%","±0.3","(X)","(X)","2,203,205","±11,570","19.1%","±0.1","(X)","(X)","723,714","±6,362","18.7%","±0.2","(X)","(X)","821,972","±7,115","19.7%","±0.2","(X)","(X)","2,567,389","±10,939","20.4%","±0.1","(X)","(X)","205,459","±4,647","19.7%","±0.4","(X)","(X)","1,043,459","±8,051","20.7%","±0.2","(X)","(X)","162,822","±3,061","18.8%","±0.4","(X)","(X)","1,269,246","±10,052","18.9%","±0.2","(X)","(X)","4,001,649","±22,306","14.0%","±0.1","(X)","(X)","384,901","±4,780","12.1%","±0.2","(X)","(X)","138,987","±2,280","22.5%","±0.4","(X)","(X)","1,466,136","±7,301","17.7%","±0.1","(X)","(X)","1,284,693","±8,382","17.1%","±0.1","(X)","(X)","428,227","±5,551","24.3%","±0.3","(X)","(X)","1,094,731","±6,011","19.0%","±0.1","(X)","(X)","105,893","±2,450","18.6%","±0.4","(X)","(X)","810,002","±7,325","25.6%","±0.2"
"        Under 19","1,154,392","±5,402","9,010","±2,179","0.8%","±0.2","190,002","±1,646","2,077","±1,429","1.1%","±0.8","1,744,282","±4,616","20,386","±5,342","1.2%","±0.3","740,911","±4,316","3,848","±1,198","0.5%","±0.2","9,405,057","±10,103","67,417","±8,024","0.7%","±0.1","1,331,001","±4,067","5,519","±1,583","0.4%","±0.1","773,214","±3,696","1,625","±841","0.2%","±0.1","215,399","±1,793","919","±599","0.4%","±0.3","138,489","±2,032","1,531","±915","1.1%","±0.7","4,479,868","±9,379","30,127","±4,615","0.7%","±0.1","2,661,991","±8,783","25,442","±4,230","1.0%","±0.2","315,053","±1,432","1,143","±678","0.4%","±0.2","474,852","±2,934","1,551","±853","0.3%","±0.2","2,981,525","±6,494","15,059","±3,510","0.5%","±0.1","1,663,849","±5,377","10,705","±2,308","0.6%","±0.1","765,322","±4,042","3,297","±1,183","0.4%","±0.2","739,651","±3,536","2,710","±1,004","0.4%","±0.1","1,058,586","±5,180","7,075","±1,845","0.7%","±0.2","1,148,751","±5,446","4,379","±1,377","0.4%","±0.1","261,737","±2,156","1,062","±644","0.4%","±0.2","1,410,735","±4,426","17,672","±4,000","1.3%","±0.3","1,446,247","±4,796","5,449","±1,820","0.4%","±0.1","2,280,491","±5,431","11,496","±2,032","0.5%","±0.1","1,378,383","±3,817","3,381","±832","0.2%","±0.1","744,641","±5,658","4,214","±1,780","0.6%","±0.2","1,446,554","±5,654","7,973","±2,352","0.6%","±0.2","241,743","±2,147","684","±531","0.3%","±0.2","502,094","±2,665","2,160","±1,013","0.4%","±0.2","724,678","±2,791","2,070","±875","0.3%","±0.1","276,888","±2,180","1,226","±659","0.4%","±0.2","2,041,577","±4,577","16,302","±3,002","0.8%","±0.1","501,566","±2,978","3,641","±1,469","0.7%","±0.3","4,264,419","±7,234","20,037","±3,200","0.5%","±0.1","2,454,735","±7,640","10,138","±2,038","0.4%","±0.1","187,129","±2,903","431","±261","0.2%","±0.1","2,736,050","±6,968","12,096","±2,365","0.4%","±0.1","1,005,168","±3,251","20,685","±3,562","2.1%","±0.4","914,386","±3,711","4,826","±1,362","0.5%","±0.1","2,803,506","±5,840","15,409","±2,410","0.5%","±0.1","220,276","±2,180","2,054","±995","0.9%","±0.5","1,181,973","±4,869","6,370","±1,692","0.5%","±0.1","226,171","±2,146","916","±487","0.4%","±0.2","1,600,213","±6,797","7,020","±1,879","0.4%","±0.1","7,808,139","±10,738","45,576","±6,069","0.6%","±0.1","982,566","±3,428","1,779","±970","0.2%","±0.1","124,542","±1,784","914","±594","0.7%","±0.5","1,975,387","±6,487","17,031","±3,802","0.9%","±0.2","1,757,459","±5,352","7,609","±2,041","0.4%","±0.1","380,871","±2,815","3,114","±1,384","0.8%","±0.4","1,344,601","±3,904","7,963","±1,720","0.6%","±0.1","143,312","±2,891","552","±336","0.4%","±0.2","621,761","±3,015","8,648","±1,743","1.4%","±0.3"
"        19 to 64 years","2,833,283","±7,381","182,789","±8,249","6.5%","±0.3","426,835","±3,260","12,297","±1,828","2.9%","±0.4","4,126,688","±6,359","142,854","±6,599","3.5%","±0.2","1,714,037","±5,717","116,427","±5,593","6.8%","±0.3","23,853,893","±10,929","622,033","±16,943","2.6%","±0.1","3,503,859","±5,150","86,079","±5,289","2.5%","±0.2","2,132,251","±4,607","69,777","±4,803","3.3%","±0.2","555,236","±2,439","24,323","±2,590","4.4%","±0.5","473,010","±2,163","13,502","±2,482","2.9%","±0.5","12,249,102","±11,619","512,576","±15,250","4.2%","±0.1","6,265,771","±10,404","248,548","±10,169","4.0%","±0.2","778,070","±3,128","21,081","±2,465","2.7%","±0.3","1,006,189","±3,603","38,230","±3,645","3.8%","±0.4","7,525,174","±8,670","247,388","±9,652","3.3%","±0.1","3,920,002","±6,149","169,674","±6,151","4.3%","±0.2","1,815,087","±4,090","65,453","±4,555","3.6%","±0.3","1,652,156","±5,431","60,710","±3,525","3.7%","±0.2","2,594,796","±5,904","176,691","±7,341","6.8%","±0.3","2,668,199","±6,677","149,852","±8,095","5.6%","±0.3","788,302","±2,630","45,451","±3,091","5.8%","±0.4","3,597,998","±5,454","123,803","±7,969","3.4%","±0.2","4,238,020","±5,327","142,003","±5,894","3.4%","±0.1","5,869,012","±6,713","292,407","±7,842","5.0%","±0.1","3,310,523","±4,820","89,864","±4,452","2.7%","±0.1","1,686,473","±6,523","106,118","±6,295","6.3%","±0.4","3,551,930","±6,543","174,360","±6,949","4.9%","±0.2","608,703","±2,691","24,867","±2,056","4.1%","±0.3","1,101,127","±2,944","32,923","±2,639","3.0%","±0.2","1,824,973","±3,966","58,382","±4,215","3.2%","±0.2","821,002","±2,571","33,358","±2,887","4.1%","±0.4","5,298,118","±5,790","167,600","±6,218","3.2%","±0.1","1,184,202","±4,010","58,526","±4,362","4.9%","±0.4","11,747,956","±8,622","416,167","±13,289","3.5%","±0.1","6,114,454","±9,404","272,381","±8,417","4.5%","±0.1","443,254","±3,283","12,186","±1,829","2.7%","±0.4","6,805,339","±7,606","285,527","±9,919","4.2%","±0.1","2,250,687","±4,306","110,809","±4,609","4.9%","±0.2","2,503,675","±5,510","86,951","±4,996","3.5%","±0.2","7,480,670","±7,141","322,624","±8,191","4.3%","±0.1","642,936","±2,389","31,192","±4,046","4.9%","±0.6","2,949,479","±6,006","144,694","±6,664","4.9%","±0.2","493,709","±2,575","19,699","±2,794","4.0%","±0.6","4,007,815","±7,407","184,451","±7,820","4.6%","±0.2","17,052,965","±13,139","516,855","±15,660","3.0%","±0.1","1,834,209","±4,302","38,986","±3,656","2.1%","±0.2","371,655","±1,792","19,382","±2,015","5.2%","±0.5","4,996,695","±9,908","176,762","±6,651","3.5%","±0.1","4,552,682","±7,586","142,914","±6,532","3.1%","±0.1","1,022,840","±3,783","74,073","±4,793","7.2%","±0.5","3,413,423","±4,462","119,419","±5,053","3.5%","±0.1","329,365","±3,057","10,929","±1,871","3.3%","±0.6","1,873,470","±3,192","155,206","±6,222","8.3%","±0.3"
"        65 years and over","834,839","±4,185","810,998","±4,523","97.1%","±0.3","88,935","±1,953","84,375","±2,017","94.9%","±1.2","1,294,934","±2,608","1,249,835","±4,162","96.5%","±0.3","507,648","±3,089","493,660","±3,585","97.2%","±0.4","5,738,631","±4,076","5,410,384","±11,692","94.3%","±0.2","829,339","±2,683","794,211","±4,016","95.8%","±0.3","609,097","±1,782","576,989","±3,606","94.7%","±0.5","185,743","±801","181,479","±1,234","97.7%","±0.5","85,100","±352","76,890","±1,541","90.4%","±1.8","4,427,800","±4,095","4,239,425","±10,396","95.7%","±0.2","1,492,650","±5,102","1,431,487","±6,770","95.9%","±0.3","265,592","±1,079","252,892","±2,259","95.2%","±0.7","283,870","±1,974","277,157","±2,323","97.6%","±0.4","1,981,678","±3,948","1,884,773","±6,393","95.1%","±0.2","1,047,678","±3,111","1,016,317","±3,964","97.0%","±0.3","531,505","±1,906","518,026","±2,228","97.5%","±0.3","460,024","±2,472","444,188","±2,879","96.6%","±0.4","731,514","±3,401","715,213","±4,218","97.8%","±0.3","722,740","±3,566","693,987","±4,638","96.0%","±0.5","277,584","±1,334","268,564","±2,117","96.8%","±0.6","937,113","±2,821","876,559","±5,125","93.5%","±0.4","1,136,702","±2,668","1,073,558","±5,193","94.4%","±0.4","1,729,983","±3,386","1,684,579","±4,537","97.4%","±0.2","891,922","±2,808","861,958","±3,757","96.6%","±0.3","473,495","±2,877","462,985","±3,345","97.8%","±0.4","1,022,181","±2,987","993,896","±4,175","97.2%","±0.3","203,200","±1,562","198,463","±1,858","97.7%","±0.5","300,990","±1,881","290,614","±2,079","96.6%","±0.4","493,768","±1,577","470,707","±3,132","95.3%","±0.6","245,447","±1,596","236,530","±2,109","96.4%","±0.6","1,436,281","±1,873","1,356,307","±5,140","94.4%","±0.3","373,150","±2,250","359,505","±2,939","96.3%","±0.5","3,200,428","±3,525","3,035,037","±9,039","94.8%","±0.3","1,711,873","±4,387","1,660,953","±5,683","97.0%","±0.2","113,789","±1,211","109,799","±1,552","96.5%","±0.8","1,973,562","±3,597","1,905,582","±5,885","96.6%","±0.2","615,803","±2,503","592,220","±3,095","96.2%","±0.4","756,941","±3,096","730,195","±4,287","96.5%","±0.4","2,308,960","±3,621","2,229,356","±5,649","96.6%","±0.2","180,541","±1,121","172,213","±1,870","95.4%","±0.8","917,061","±2,834","892,395","±4,217","97.3%","±0.3","147,425","±1,338","142,207","±1,529","96.5%","±0.7","1,111,287","±3,877","1,077,775","±4,951","97.0%","±0.3","3,653,324","±7,430","3,439,218","±11,271","94.1%","±0.3","361,619","±1,827","344,136","±2,514","95.2%","±0.5","121,867","±811","118,691","±927","97.4%","±0.6","1,331,589","±4,245","1,272,343","±5,273","95.6%","±0.3","1,187,312","±2,958","1,134,170","±4,321","95.5%","±0.3","358,341","±1,985","351,040","±2,357","98.0%","±0.4","993,380","±2,620","967,349","±3,645","97.4%","±0.3","96,182","±1,511","94,412","±1,621","98.2%","±0.5","674,297","±569","646,148","±2,512","95.8%","±0.4"
"    Medicaid/means-tested public coverage alone or in combination","(X)","(X)","947,428","±21,943","19.6%","±0.5","(X)","(X)","153,906","±8,751","21.8%","±1.2","(X)","(X)","1,492,236","±31,443","20.8%","±0.4","(X)","(X)","787,006","±16,493","26.6%","±0.6","(X)","(X)","9,926,265","±76,534","25.5%","±0.2","(X)","(X)","967,142","±27,463","17.1%","±0.5","(X)","(X)","766,077","±19,453","21.8%","±0.6","(X)","(X)","198,453","±10,970","20.8%","±1.1","(X)","(X)","172,748","±9,990","24.8%","±1.4","(X)","(X)","3,663,371","±49,496","17.3%","±0.2","(X)","(X)","1,791,103","±29,869","17.2%","±0.3","(X)","(X)","244,522","±9,191","18.0%","±0.7","(X)","(X)","282,551","±12,072","16.0%","±0.7","(X)","(X)","2,274,453","±35,315","18.2%","±0.3","(X)","(X)","1,170,506","±24,611","17.7%","±0.4","(X)","(X)","602,729","±17,285","19.4%","±0.6","(X)","(X)","379,823","±12,845","13.3%","±0.5","(X)","(X)","1,135,120","±25,206","25.9%","±0.6","(X)","(X)","1,319,888","±23,114","29.1%","±0.5","(X)","(X)","259,524","±10,303","19.5%","±0.8","(X)","(X)","1,095,661","±25,252","18.4%","±0.4","(X)","(X)","1,498,748","±30,258","22.0%","±0.4","(X)","(X)","2,154,345","±30,902","21.8%","±0.3","(X)","(X)","962,811","±20,292","17.3%","±0.4","(X)","(X)","696,670","±19,907","24.0%","±0.7","(X)","(X)","874,224","±19,357","14.5%","±0.3","(X)","(X)","221,675","±9,242","21.0%","±0.9","(X)","(X)","243,877","±11,171","12.8%","±0.6","(X)","(X)","542,869","±18,629","17.8%","±0.6","(X)","(X)","177,009","±10,276","13.2%","±0.8","(X)","(X)","1,451,689","±26,377","16.5%","±0.3","(X)","(X)","688,184","±16,875","33.4%","±0.8","(X)","(X)","4,930,053","±53,632","25.7%","±0.3","(X)","(X)","1,848,737","±27,872","18.0%","±0.3","(X)","(X)","89,843","±7,453","12.1%","±1.0","(X)","(X)","2,310,851","±32,985","20.1%","±0.3","(X)","(X)","669,587","±13,257","17.3%","±0.3","(X)","(X)","874,108","±22,537","20.9%","±0.5","(X)","(X)","2,536,238","±29,984","20.1%","±0.2","(X)","(X)","212,460","±11,065","20.4%","±1.1","(X)","(X)","947,699","±22,312","18.8%","±0.4","(X)","(X)","113,817","±7,535","13.1%","±0.9","(X)","(X)","1,318,061","±27,706","19.6%","±0.4","(X)","(X)","4,532,753","±52,113","15.9%","±0.2","(X)","(X)","307,472","±14,311","9.7%","±0.5","(X)","(X)","141,757","±7,095","22.9%","±1.1","(X)","(X)","1,133,379","±25,331","13.6%","±0.3","(X)","(X)","1,484,073","±30,044","19.8%","±0.4","(X)","(X)","467,909","±14,079","26.6%","±0.8","(X)","(X)","949,309","±18,447","16.5%","±0.3","(X)","(X)","66,453","±5,207","11.7%","±0.9","(X)","(X)","1,454,436","±22,479","45.9%","±0.7"
"        Under 19","1,154,392","±5,402","509,044","±14,033","44.1%","±1.2","190,002","±1,646","70,536","±5,093","37.1%","±2.6","1,744,282","±4,616","636,576","±17,903","36.5%","±1.0","740,911","±4,316","376,290","±10,770","50.8%","±1.5","9,405,057","±10,103","3,970,316","±43,155","42.2%","±0.5","1,331,001","±4,067","426,177","±14,273","32.0%","±1.1","773,214","±3,696","282,518","±10,789","36.5%","±1.4","215,399","±1,793","84,993","±6,286","39.5%","±2.9","138,489","±2,032","57,808","±5,247","41.7%","±3.8","4,479,868","±9,379","1,796,078","±29,791","40.1%","±0.7","2,661,991","±8,783","1,020,725","±22,859","38.3%","±0.9","315,053","±1,432","104,102","±5,499","33.0%","±1.7","474,852","±2,934","171,897","±8,518","36.2%","±1.8","2,981,525","±6,494","1,042,167","±21,012","35.0%","±0.7","1,663,849","±5,377","544,057","±14,879","32.7%","±0.9","765,322","±4,042","277,662","±10,888","36.3%","±1.3","739,651","±3,536","217,621","±8,379","29.4%","±1.1","1,058,586","±5,180","465,571","±13,001","44.0%","±1.2","1,148,751","±5,446","584,969","±13,941","50.9%","±1.2","261,737","±2,156","91,475","±5,617","34.9%","±2.1","1,410,735","±4,426","477,682","±14,024","33.9%","±1.0","1,446,247","±4,796","497,574","±14,657","34.4%","±1.0","2,280,491","±5,431","850,326","±17,153","37.3%","±0.7","1,378,383","±3,817","430,122","±12,664","31.2%","±0.9","744,641","±5,658","378,437","±11,896","50.8%","±1.6","1,446,554","±5,654","466,353","±14,051","32.2%","±1.0","241,743","±2,147","101,118","±5,739","41.8%","±2.3","502,094","±2,665","136,042","±7,327","27.1%","±1.5","724,678","±2,791","237,773","±9,315","32.8%","±1.3","276,888","±2,180","77,816","±5,844","28.1%","±2.1","2,041,577","±4,577","633,088","±16,003","31.0%","±0.8","501,566","±2,978","284,035","±8,666","56.6%","±1.8","4,264,419","±7,234","1,753,449","±29,684","41.1%","±0.7","2,454,735","±7,640","1,008,901","±19,475","41.1%","±0.8","187,129","±2,903","38,012","±4,436","20.3%","±2.4","2,736,050","±6,968","984,920","±18,746","36.0%","±0.7","1,005,168","±3,251","417,870","±10,362","41.6%","±1.0","914,386","±3,711","340,141","±12,329","37.2%","±1.3","2,803,506","±5,840","1,061,171","±17,749","37.9%","±0.6","220,276","±2,180","72,334","±5,469","32.8%","±2.5","1,181,973","±4,869","498,542","±14,014","42.2%","±1.2","226,171","±2,146","65,694","±4,854","29.0%","±2.1","1,600,213","±6,797","647,373","±18,609","40.5%","±1.1","7,808,139","±10,738","2,843,385","±41,243","36.4%","±0.5","982,566","±3,428","159,687","±10,067","16.3%","±1.0","124,542","±1,784","53,683","±3,672","43.1%","±2.9","1,975,387","±6,487","550,658","±16,449","27.9%","±0.8","1,757,459","±5,352","679,182","±19,147","38.6%","±1.1","380,871","±2,815","178,558","±8,022","46.9%","±2.0","1,344,601","±3,904","413,054","±10,564","30.7%","±0.8","143,312","±2,891","33,952","±3,914","23.7%","±2.6","621,761","±3,015","375,444","±8,973","60.4%","±1.5"
"        19 to 64 years","2,833,283","±7,381","318,236","±11,155","11.2%","±0.4","426,835","±3,260","70,116","±5,065","16.4%","±1.1","4,126,688","±6,359","699,614","±16,537","17.0%","±0.4","1,714,037","±5,717","339,042","±10,864","19.8%","±0.6","23,853,893","±10,929","4,793,444","±45,616","20.1%","±0.2","3,503,859","±5,150","449,131","±15,968","12.8%","±0.5","2,132,251","±4,607","390,527","±11,596","18.3%","±0.5","555,236","±2,439","92,189","±6,649","16.6%","±1.2","473,010","±2,163","93,122","±6,522","19.7%","±1.4","12,249,102","±11,619","1,227,219","±22,609","10.0%","±0.2","6,265,771","±10,404","537,043","±15,236","8.6%","±0.2","778,070","±3,128","108,646","±6,123","14.0%","±0.8","1,006,189","±3,603","84,322","±5,884","8.4%","±0.6","7,525,174","±8,670","1,028,489","±19,456","13.7%","±0.3","3,920,002","±6,149","523,158","±14,079","13.3%","±0.4","1,815,087","±4,090","272,301","±8,853","15.0%","±0.5","1,652,156","±5,431","124,446","±6,542","7.5%","±0.4","2,594,796","±5,904","568,800","±15,451","21.9%","±0.6","2,668,199","±6,677","619,635","±15,052","23.2%","±0.6","788,302","±2,630","120,358","±6,304","15.3%","±0.8","3,597,998","±5,454","504,169","±14,167","14.0%","±0.4","4,238,020","±5,327","811,808","±19,015","19.2%","±0.4","5,869,012","±6,713","1,089,214","±17,964","18.6%","±0.3","3,310,523","±4,820","455,365","±10,935","13.8%","±0.3","1,686,473","±6,523","231,184","±11,201","13.7%","±0.7","3,551,930","±6,543","314,057","±9,757","8.8%","±0.3","608,703","±2,691","99,789","±5,405","16.4%","±0.9","1,101,127","±2,944","78,790","±5,100","7.2%","±0.5","1,824,973","±3,966","245,258","±10,672","13.4%","±0.6","821,002","±2,571","82,662","±6,036","10.1%","±0.7","5,298,118","±5,790","647,191","±15,417","12.2%","±0.3","1,184,202","±4,010","339,249","±10,705","28.6%","±0.9","11,747,956","±8,622","2,546,389","±30,868","21.7%","±0.3","6,114,454","±9,404","637,229","±15,582","10.4%","±0.3","443,254","±3,283","39,881","±4,229","9.0%","±0.9","6,805,339","±7,606","1,134,399","±20,392","16.7%","±0.3","2,250,687","±4,306","189,569","±6,574","8.4%","±0.3","2,503,675","±5,510","446,534","±14,276","17.8%","±0.6","7,480,670","±7,141","1,198,517","±20,301","16.0%","±0.3","642,936","±2,389","113,945","±6,695","17.7%","±1.0","2,949,479","±6,006","334,926","±12,470","11.4%","±0.4","493,709","±2,575","36,676","±4,330","7.4%","±0.9","4,007,815","±7,407","527,520","±13,880","13.2%","±0.3","17,052,965","±13,139","1,175,105","±23,306","6.9%","±0.1","1,834,209","±4,302","115,760","±6,663","6.3%","±0.4","371,655","±1,792","74,103","±4,372","19.9%","±1.2","4,996,695","±9,908","462,944","±12,430","9.3%","±0.3","4,552,682","±7,586","668,182","±15,522","14.7%","±0.3","1,022,840","±3,783","242,369","±9,058","23.7%","±0.9","3,413,423","±4,462","425,682","±11,020","12.5%","±0.3","329,365","±3,057","24,329","±2,598","7.4%","±0.8","1,873,470","±3,192","802,941","±13,730","42.9%","±0.7"
"        65 years and over","834,839","±4,185","120,148","±5,072","14.4%","±0.6","88,935","±1,953","13,254","±1,840","14.9%","±1.9","1,294,934","±2,608","156,046","±6,156","12.1%","±0.5","507,648","±3,089","71,674","±3,491","14.1%","±0.7","5,738,631","±4,076","1,162,505","±16,104","20.3%","±0.3","829,339","±2,683","91,834","±4,688","11.1%","±0.6","609,097","±1,782","93,032","±4,989","15.3%","±0.8","185,743","±801","21,271","±2,270","11.5%","±1.2","85,100","±352","21,818","±2,162","25.6%","±2.5","4,427,800","±4,095","640,074","±14,467","14.5%","±0.3","1,492,650","±5,102","233,335","±7,695","15.6%","±0.5","265,592","±1,079","31,774","±2,857","12.0%","±1.1","283,870","±1,974","26,332","±2,181","9.3%","±0.8","1,981,678","±3,948","203,797","±7,090","10.3%","±0.4","1,047,678","±3,111","103,291","±5,015","9.9%","±0.5","531,505","±1,906","52,766","±3,627","9.9%","±0.7","460,024","±2,472","37,756","±2,479","8.2%","±0.5","731,514","±3,401","100,749","±4,791","13.8%","±0.6","722,740","±3,566","115,284","±5,988","16.0%","±0.8","277,584","±1,334","47,691","±3,120","17.2%","±1.1","937,113","±2,821","113,810","±5,317","12.1%","±0.6","1,136,702","±2,668","189,366","±7,664","16.7%","±0.7","1,729,983","±3,386","214,805","±7,060","12.4%","±0.4","891,922","±2,808","77,324","±4,102","8.7%","±0.5","473,495","±2,877","87,049","±4,677","18.4%","±1.0","1,022,181","±2,987","93,814","±4,277","9.2%","±0.4","203,200","±1,562","20,768","±2,242","10.2%","±1.1","300,990","±1,881","29,045","±2,337","9.6%","±0.8","493,768","±1,577","59,838","±4,297","12.1%","±0.9","245,447","±1,596","16,531","±2,048","6.7%","±0.8","1,436,281","±1,873","171,410","±6,914","11.9%","±0.5","373,150","±2,250","64,900","±4,328","17.4%","±1.1","3,200,428","±3,525","630,215","±12,469","19.7%","±0.4","1,711,873","±4,387","202,607","±7,873","11.8%","±0.4","113,789","±1,211","11,950","±1,951","10.5%","±1.7","1,973,562","±3,597","191,532","±7,397","9.7%","±0.4","615,803","±2,503","62,148","±3,088","10.1%","±0.5","756,941","±3,096","87,433","±4,581","11.6%","±0.6","2,308,960","±3,621","276,550","±7,830","12.0%","±0.3","180,541","±1,121","26,181","±2,863","14.5%","±1.6","917,061","±2,834","114,231","±6,308","12.5%","±0.7","147,425","±1,338","11,447","±1,625","7.8%","±1.1","1,111,287","±3,877","143,168","±6,383","12.9%","±0.6","3,653,324","±7,430","514,263","±12,623","14.1%","±0.3","361,619","±1,827","32,025","±3,036","8.9%","±0.8","121,867","±811","13,971","±1,276","11.5%","±1.0","1,331,589","±4,245","119,777","±5,564","9.0%","±0.4","1,187,312","±2,958","136,709","±6,269","11.5%","±0.5","358,341","±1,985","46,982","±3,342","13.1%","±0.9","993,380","±2,620","110,573","±4,019","11.1%","±0.4","96,182","±1,511","8,172","±1,333","8.5%","±1.4","674,297","±569","276,051","±8,245","40.9%","±1.2"
"    VA health care coverage alone or in combination","(X)","(X)","131,709","±6,133","2.7%","±0.1","(X)","(X)","29,478","±2,828","4.2%","±0.4","(X)","(X)","211,966","±7,356","3.0%","±0.1","(X)","(X)","94,028","±4,238","3.2%","±0.1","(X)","(X)","585,232","±13,109","1.5%","±0.1","(X)","(X)","142,994","±7,956","2.5%","±0.1","(X)","(X)","55,019","±3,448","1.6%","±0.1","(X)","(X)","24,054","±2,364","2.5%","±0.2","(X)","(X)","9,967","±2,487","1.4%","±0.4","(X)","(X)","612,702","±14,176","2.9%","±0.1","(X)","(X)","260,744","±11,128","2.5%","±0.1","(X)","(X)","33,925","±3,164","2.5%","±0.2","(X)","(X)","56,949","±4,160","3.2%","±0.2","(X)","(X)","207,925","±6,772","1.7%","±0.1","(X)","(X)","143,948","±6,749","2.2%","±0.1","(X)","(X)","80,174","±4,610","2.6%","±0.1","(X)","(X)","68,667","±3,728","2.4%","±0.1","(X)","(X)","118,487","±5,319","2.7%","±0.1","(X)","(X)","100,989","±5,726","2.2%","±0.1","(X)","(X)","43,952","±2,984","3.3%","±0.2","(X)","(X)","111,541","±5,345","1.9%","±0.1","(X)","(X)","98,461","±5,409","1.4%","±0.1","(X)","(X)","200,004","±7,027","2.0%","±0.1","(X)","(X)","129,837","±4,521","2.3%","±0.1","(X)","(X)","68,643","±4,508","2.4%","±0.2","(X)","(X)","162,755","±6,736","2.7%","±0.1","(X)","(X)","43,936","±3,780","4.2%","±0.4","(X)","(X)","51,479","±3,087","2.7%","±0.2","(X)","(X)","95,268","±4,706","3.1%","±0.2","(X)","(X)","34,576","±3,082","2.6%","±0.2","(X)","(X)","95,724","±4,855","1.1%","±0.1","(X)","(X)","65,300","±4,142","3.2%","±0.2","(X)","(X)","249,225","±7,099","1.3%","±0.1","(X)","(X)","290,243","±8,287","2.8%","±0.1","(X)","(X)","24,215","±2,532","3.3%","±0.3","(X)","(X)","256,620","±9,165","2.2%","±0.1","(X)","(X)","131,014","±4,426","3.4%","±0.1","(X)","(X)","120,964","±5,109","2.9%","±0.1","(X)","(X)","255,106","±6,467","2.0%","±0.1","(X)","(X)","21,509","±2,239","2.1%","±0.2","(X)","(X)","164,933","±7,454","3.3%","±0.1","(X)","(X)","31,972","±2,573","3.7%","±0.3","(X)","(X)","186,722","±8,157","2.8%","±0.1","(X)","(X)","617,616","±15,413","2.2%","±0.1","(X)","(X)","46,494","±3,959","1.5%","±0.1","(X)","(X)","15,344","±1,443","2.5%","±0.2","(X)","(X)","250,156","±10,080","3.0%","±0.1","(X)","(X)","190,853","±7,035","2.5%","±0.1","(X)","(X)","67,255","±4,420","3.8%","±0.3","(X)","(X)","136,509","±4,313","2.4%","±0.1","(X)","(X)","19,420","±2,577","3.4%","±0.5","(X)","(X)","45,722","±3,723","1.4%","±0.1"
"        Under 19","1,154,392","±5,402","1,973","±855","0.2%","±0.1","190,002","±1,646","1,675","±965","0.9%","±0.5","1,744,282","±4,616","2,563","±902","0.1%","±0.1","740,911","±4,316","1,583","±784","0.2%","±0.1","9,405,057","±10,103","11,486","±3,101","0.1%","±0.1","1,331,001","±4,067","1,816","±885","0.1%","±0.1","773,214","±3,696","776","±637","0.1%","±0.1","215,399","±1,793","0","±203","0.0%","±0.1","138,489","±2,032","917","±1,338","0.7%","±1.0","4,479,868","±9,379","9,618","±3,486","0.2%","±0.1","2,661,991","±8,783","6,543","±2,770","0.2%","±0.1","315,053","±1,432","601","±504","0.2%","±0.2","474,852","±2,934","325","±411","0.1%","±0.1","2,981,525","±6,494","3,921","±1,863","0.1%","±0.1","1,663,849","±5,377","2,342","±1,524","0.1%","±0.1","765,322","±4,042","2,360","±1,495","0.3%","±0.2","739,651","±3,536","2,044","±1,173","0.3%","±0.2","1,058,586","±5,180","1,705","±828","0.2%","±0.1","1,148,751","±5,446","2,099","±1,512","0.2%","±0.1","261,737","±2,156","835","±616","0.3%","±0.2","1,410,735","±4,426","3,520","±1,707","0.2%","±0.1","1,446,247","±4,796","1,671","±904","0.1%","±0.1","2,280,491","±5,431","3,348","±1,194","0.1%","±0.1","1,378,383","±3,817","721","±403","0.1%","±0.1","744,641","±5,658","806","±609","0.1%","±0.1","1,446,554","±5,654","1,958","±984","0.1%","±0.1","241,743","±2,147","319","±195","0.1%","±0.1","502,094","±2,665","708","±335","0.1%","±0.1","724,678","±2,791","438","±480","0.1%","±0.1","276,888","±2,180","117","±125","0.0%","±0.1","2,041,577","±4,577","2,404","±1,136","0.1%","±0.1","501,566","±2,978","850","±760","0.2%","±0.2","4,264,419","±7,234","3,766","±1,410","0.1%","±0.1","2,454,735","±7,640","4,326","±1,504","0.2%","±0.1","187,129","±2,903","56","±81","0.0%","±0.1","2,736,050","±6,968","3,306","±1,372","0.1%","±0.1","1,005,168","±3,251","2,207","±839","0.2%","±0.1","914,386","±3,711","1,827","±810","0.2%","±0.1","2,803,506","±5,840","2,439","±986","0.1%","±0.1","220,276","±2,180","407","±607","0.2%","±0.3","1,181,973","±4,869","2,046","±994","0.2%","±0.1","226,171","±2,146","105","±95","0.0%","±0.1","1,600,213","±6,797","1,442","±912","0.1%","±0.1","7,808,139","±10,738","12,353","±3,256","0.2%","±0.1","982,566","±3,428","648","±522","0.1%","±0.1","124,542","±1,784","167","±137","0.1%","±0.1","1,975,387","±6,487","14,532","±2,303","0.7%","±0.1","1,757,459","±5,352","2,873","±1,094","0.2%","±0.1","380,871","±2,815","1,142","±735","0.3%","±0.2","1,344,601","±3,904","1,406","±593","0.1%","±0.1","143,312","±2,891","415","±337","0.3%","±0.2","621,761","±3,015","481","±526","0.1%","±0.1"
"        19 to 64 years","2,833,283","±7,381","59,857","±4,924","2.1%","±0.2","426,835","±3,260","17,340","±2,219","4.1%","±0.5","4,126,688","±6,359","89,536","±5,895","2.2%","±0.1","1,714,037","±5,717","39,423","±3,515","2.3%","±0.2","23,853,893","±10,929","272,764","±9,108","1.1%","±0.1","3,503,859","±5,150","79,187","±6,199","2.3%","±0.2","2,132,251","±4,607","21,428","±2,992","1.0%","±0.1","555,236","±2,439","9,022","±1,802","1.6%","±0.3","473,010","±2,163","5,215","±1,396","1.1%","±0.3","12,249,102","±11,619","254,583","±10,980","2.1%","±0.1","6,265,771","±10,404","143,675","±8,656","2.3%","±0.1","778,070","±3,128","15,626","±1,896","2.0%","±0.2","1,006,189","±3,603","23,972","±3,487","2.4%","±0.3","7,525,174","±8,670","83,719","±4,715","1.1%","±0.1","3,920,002","±6,149","59,834","±4,556","1.5%","±0.1","1,815,087","±4,090","31,629","±2,946","1.7%","±0.2","1,652,156","±5,431","30,058","±2,927","1.8%","±0.2","2,594,796","±5,904","49,282","±4,291","1.9%","±0.2","2,668,199","±6,677","44,842","±3,692","1.7%","±0.1","788,302","±2,630","17,105","±1,964","2.2%","±0.3","3,597,998","±5,454","56,894","±3,525","1.6%","±0.1","4,238,020","±5,327","33,969","±3,239","0.8%","±0.1","5,869,012","±6,713","77,258","±4,883","1.3%","±0.1","3,310,523","±4,820","39,432","±2,966","1.2%","±0.1","1,686,473","±6,523","28,457","±3,130","1.7%","±0.2","3,551,930","±6,543","70,344","±4,921","2.0%","±0.1","608,703","±2,691","18,625","±2,467","3.1%","±0.4","1,101,127","±2,944","19,094","±1,995","1.7%","±0.2","1,824,973","±3,966","44,448","±3,896","2.4%","±0.2","821,002","±2,571","12,969","±1,840","1.6%","±0.2","5,298,118","±5,790","34,888","±3,396","0.7%","±0.1","1,184,202","±4,010","27,920","±3,248","2.4%","±0.3","11,747,956","±8,622","95,062","±5,048","0.8%","±0.1","6,114,454","±9,404","142,058","±6,680","2.3%","±0.1","443,254","±3,283","9,999","±1,820","2.3%","±0.4","6,805,339","±7,606","109,482","±6,640","1.6%","±0.1","2,250,687","±4,306","59,413","±3,386","2.6%","±0.1","2,503,675","±5,510","51,038","±3,981","2.0%","±0.2","7,480,670","±7,141","96,496","±5,301","1.3%","±0.1","642,936","±2,389","5,451","±1,266","0.8%","±0.2","2,949,479","±6,006","72,779","±5,392","2.5%","±0.2","493,709","±2,575","13,170","±2,076","2.7%","±0.4","4,007,815","±7,407","88,270","±5,360","2.2%","±0.1","17,052,965","±13,139","328,941","±12,013","1.9%","±0.1","1,834,209","±4,302","20,591","±2,291","1.1%","±0.1","371,655","±1,792","5,525","±1,042","1.5%","±0.3","4,996,695","±9,908","144,974","±6,912","2.9%","±0.1","4,552,682","±7,586","93,405","±5,392","2.1%","±0.1","1,022,840","±3,783","29,731","±3,317","2.9%","±0.3","3,413,423","±4,462","53,043","±3,844","1.6%","±0.1","329,365","±3,057","7,444","±1,714","2.3%","±0.5","1,873,470","±3,192","13,201","±2,095","0.7%","±0.1"
"        65 years and over","834,839","±4,185","69,879","±3,425","8.4%","±0.4","88,935","±1,953","10,463","±1,453","11.8%","±1.6","1,294,934","±2,608","119,867","±4,193","9.3%","±0.3","507,648","±3,089","53,022","±3,107","10.4%","±0.6","5,738,631","±4,076","300,982","±9,177","5.2%","±0.2","829,339","±2,683","61,991","±3,608","7.5%","±0.4","609,097","±1,782","32,815","±2,273","5.4%","±0.4","185,743","±801","15,032","±2,033","8.1%","±1.1","85,100","±352","3,835","±1,070","4.5%","±1.3","4,427,800","±4,095","348,501","±8,751","7.9%","±0.2","1,492,650","±5,102","110,526","±5,466","7.4%","±0.4","265,592","±1,079","17,698","±1,956","6.7%","±0.7","283,870","±1,974","32,652","±2,300","11.5%","±0.8","1,981,678","±3,948","120,285","±5,101","6.1%","±0.3","1,047,678","±3,111","81,772","±4,220","7.8%","±0.4","531,505","±1,906","46,185","±2,541","8.7%","±0.5","460,024","±2,472","36,565","±2,173","7.9%","±0.5","731,514","±3,401","67,500","±3,516","9.2%","±0.5","722,740","±3,566","54,048","±3,795","7.5%","±0.5","277,584","±1,334","26,012","±1,766","9.4%","±0.6","937,113","±2,821","51,127","±3,106","5.5%","±0.3","1,136,702","±2,668","62,821","±3,922","5.5%","±0.3","1,729,983","±3,386","119,398","±4,104","6.9%","±0.2","891,922","±2,808","89,684","±3,392","10.1%","±0.4","473,495","±2,877","39,380","±2,928","8.3%","±0.6","1,022,181","±2,987","90,453","±3,990","8.8%","±0.4","203,200","±1,562","24,992","±2,492","12.3%","±1.2","300,990","±1,881","31,677","±1,952","10.5%","±0.6","493,768","±1,577","50,382","±2,693","10.2%","±0.5","245,447","±1,596","21,490","±2,052","8.8%","±0.8","1,436,281","±1,873","58,432","±3,232","4.1%","±0.2","373,150","±2,250","36,530","±2,469","9.8%","±0.7","3,200,428","±3,525","150,397","±4,740","4.7%","±0.1","1,711,873","±4,387","143,859","±5,015","8.4%","±0.3","113,789","±1,211","14,160","±1,706","12.4%","±1.5","1,973,562","±3,597","143,832","±5,192","7.3%","±0.3","615,803","±2,503","69,394","±2,544","11.3%","±0.4","756,941","±3,096","68,099","±3,176","9.0%","±0.4","2,308,960","±3,621","156,171","±4,195","6.8%","±0.2","180,541","±1,121","15,651","±1,773","8.7%","±1.0","917,061","±2,834","90,108","±4,223","9.8%","±0.5","147,425","±1,338","18,697","±1,533","12.7%","±1.0","1,111,287","±3,877","97,010","±5,235","8.7%","±0.5","3,653,324","±7,430","276,322","±8,508","7.6%","±0.2","361,619","±1,827","25,255","±2,469","7.0%","±0.7","121,867","±811","9,652","±1,021","7.9%","±0.8","1,331,589","±4,245","90,650","±4,602","6.8%","±0.3","1,187,312","±2,958","94,575","±4,749","8.0%","±0.4","358,341","±1,985","36,382","±2,967","10.2%","±0.8","993,380","±2,620","82,060","±2,579","8.3%","±0.3","96,182","±1,511","11,561","±1,485","12.0%","±1.6","674,297","±569","32,040","±3,004","4.8%","±0.4"
"PUBLIC HEALTH INSURANCE ALONE OR IN COMBINATION","","","","","","","","","","","","","","","","","","","","","","","","","","","","","","","","","","","","","","","","","","","","","","","","","","","","","","","","","","","","","","","","","","","","","","","","","","","","","","","","","","","","","","","","","","","","","","","","","","","","","","","","","","","","","","","","","","","","","","","","","","","","","","","","","","","","","","","","","","","","","","","","","","","","","","","","","","","","","","","","","","","","","","","","","","","","","","","","","","","","","","","","","","","","","","","","","","","","","","","","","","","","","","","","","","","","","","","","","","","","","","","","","","","","","","","","","","","","","","","","","","","","","","","","","","","","","","","","","","","","","","","","","","","","","","","","","","","","","","","","","","","","","","","","","","","","","","","","","","","","","","","","","","","","","","","",""
"    Below 138 percent of the poverty threshold","1,096,107","±27,164","664,557","±20,260","60.6%","±1.2","111,984","±8,190","75,429","±6,516","67.4%","±3.1","1,395,827","±33,743","902,897","±25,624","64.7%","±1.0","725,516","±22,351","506,712","±16,958","69.8%","±1.4","6,861,056","±79,118","4,797,482","±73,111","69.9%","±0.5","794,709","±24,872","486,142","±17,888","61.2%","±1.5","507,541","±16,225","384,621","±14,153","75.8%","±1.7","150,795","±12,233","103,022","±10,651","68.3%","±3.7","120,352","±9,204","89,118","±8,313","74.0%","±3.3","4,120,012","±67,547","2,310,495","±45,799","56.1%","±0.6","2,070,619","±42,921","1,119,184","±28,722","54.1%","±0.9","175,814","±12,090","118,997","±10,078","67.7%","±2.7","320,645","±15,377","167,063","±11,315","52.1%","±2.3","2,094,071","±45,186","1,403,445","±33,562","67.0%","±0.9","1,206,813","±30,634","745,670","±25,776","61.8%","±1.4","523,525","±17,650","358,971","±13,900","68.6%","±1.3","488,191","±15,599","245,609","±10,607","50.3%","±1.4","1,013,811","±26,718","769,486","±22,950","75.9%","±1.0","1,187,771","±28,941","877,462","±26,641","73.9%","±1.1","219,680","±11,335","157,693","±9,387","71.8%","±2.0","783,793","±26,529","551,472","±21,692","70.4%","±1.6","898,792","±23,048","686,068","±22,022","76.3%","±1.2","1,856,658","±34,012","1,321,892","±29,334","71.2%","±0.9","760,398","±20,812","534,332","±16,783","70.3%","±1.1","824,202","±26,004","499,552","±19,251","60.6%","±1.4","1,154,385","±26,420","646,775","±19,388","56.0%","±0.9","197,184","±10,239","134,037","±8,739","68.0%","±2.1","305,667","±13,050","163,796","±8,642","53.6%","±2.2","560,382","±23,650","328,278","±15,222","58.6%","±1.8","149,203","±9,863","105,302","±9,233","70.6%","±3.0","1,200,451","±29,019","802,407","±23,933","66.8%","±1.1","530,583","±18,364","397,914","±17,017","75.0%","±1.6","3,486,183","±54,389","2,656,440","±45,545","76.2%","±0.6","2,094,540","±39,453","1,243,606","±26,686","59.4%","±0.8","117,373","±7,639","65,196","±6,173","55.5%","±3.2","2,167,044","±38,320","1,570,630","±32,308","72.5%","±0.9","859,011","±18,575","470,379","±11,649","54.8%","±0.9","698,487","±22,705","470,517","±20,391","67.4%","±1.6","2,160,528","±40,933","1,541,860","±31,001","71.4%","±0.7","158,370","±11,320","118,899","±9,326","75.1%","±3.3","1,037,813","±32,260","618,162","±21,468","59.6%","±1.3","152,698","±8,054","81,151","±6,275","53.1%","±2.8","1,381,960","±31,596","856,107","±25,041","61.9%","±1.2","5,898,675","±89,253","2,933,826","±51,089","49.7%","±0.5","446,034","±18,942","169,838","±11,163","38.1%","±2.0","95,266","±5,607","73,856","±5,337","77.5%","±2.6","1,227,320","±32,525","741,597","±22,815","60.4%","±1.0","1,087,030","±28,716","746,997","±25,644","68.7%","±1.2","411,799","±15,541","313,108","±13,562","76.0%","±1.6","889,964","±20,896","583,285","±17,159","65.5%","±1.2","86,924","±6,955","43,912","±4,526","50.5%","±4.5","1,792,395","±24,623","1,401,127","±22,510","78.2%","±0.7"
"    At or above 138 percent of the poverty threshold","3,671,175","±27,028","1,119,327","±17,390","30.5%","±0.4","588,283","±8,471","170,494","±8,392","29.0%","±1.3","5,701,065","±34,076","1,830,894","±25,273","32.1%","±0.4","2,198,322","±22,228","782,866","±17,600","35.6%","±0.7","31,773,570","±79,636","9,827,747","±59,176","30.9%","±0.2","4,818,754","±24,514","1,286,542","±24,034","26.7%","±0.5","2,945,661","±17,033","907,875","±15,541","30.8%","±0.5","788,611","±12,812","268,794","±8,791","34.1%","±1.1","550,793","±9,314","147,361","±8,605","26.8%","±1.4","16,872,220","±68,003","5,425,074","±43,158","32.2%","±0.2","8,221,948","±42,688","2,126,393","±29,765","25.9%","±0.3","1,169,636","±12,706","370,520","±10,366","31.7%","±0.8","1,429,310","±15,627","401,379","±11,665","28.1%","±0.8","10,265,026","±44,971","2,748,758","±26,642","26.8%","±0.2","5,306,247","±30,757","1,456,958","±18,635","27.5%","±0.3","2,533,688","±17,265","756,066","±14,058","29.8%","±0.5","2,323,871","±16,299","590,968","±10,891","25.4%","±0.4","3,304,389","±26,659","1,102,223","±15,521","33.4%","±0.4","3,311,305","±28,965","1,120,054","±24,775","33.8%","±0.6","1,082,194","±11,328","347,434","±9,186","32.1%","±0.8","5,088,664","±28,200","1,420,331","±20,952","27.9%","±0.4","5,752,712","±22,577","1,753,730","±28,318","30.5%","±0.5","7,910,693","±34,214","2,477,791","±23,210","31.3%","±0.3","4,751,298","±21,514","1,283,388","±16,610","27.0%","±0.3","2,043,194","±24,953","636,205","±12,407","31.1%","±0.6","4,785,446","±27,274","1,273,953","±15,961","26.6%","±0.3","843,022","±9,927","288,951","±7,624","34.3%","±0.9","1,565,633","±13,488","368,320","±8,422","23.5%","±0.5","2,468,428","±23,434","692,484","±16,057","28.1%","±0.6","1,165,794","±10,434","321,435","±8,645","27.6%","±0.7","7,500,204","±29,027","1,960,867","±25,862","26.1%","±0.3","1,512,228","±17,957","626,684","±15,717","41.4%","±0.9","15,423,649","±55,023","4,878,197","±42,119","31.6%","±0.3","8,043,118","±39,548","2,311,022","±26,613","28.7%","±0.3","615,027","±7,324","135,517","±5,551","22.0%","±0.9","9,185,159","±38,181","2,681,654","±26,638","29.2%","±0.3","2,967,124","±18,179","854,857","±12,390","28.8%","±0.3","3,433,009","±22,677","1,121,947","±22,083","32.7%","±0.6","10,215,323","±41,400","3,150,278","±32,312","30.8%","±0.3","857,946","±11,212","255,396","±9,227","29.8%","±1.0","3,942,984","±32,984","1,239,941","±20,863","31.4%","±0.5","699,891","±7,864","182,272","±6,477","26.0%","±0.9","5,256,279","±31,958","1,549,810","±23,475","29.5%","±0.4","22,388,202","±90,706","5,088,665","±47,547","22.7%","±0.2","2,706,394","±19,022","482,443","±11,952","17.8%","±0.4","503,113","±5,680","182,379","±6,037","36.3%","±1.1","6,958,237","±32,450","1,782,060","±23,459","25.6%","±0.3","6,340,701","±28,702","1,872,524","±22,139","29.5%","±0.3","1,324,552","±15,900","514,683","±11,582","38.9%","±0.8","4,782,512","±20,394","1,308,133","±15,155","27.4%","±0.3","474,431","±7,279","119,257","±4,755","25.1%","±1.0","1,372,445","±24,665","519,522","±15,316","37.9%","±0.9"
"    Worked full-time, year-round (19-64 years)","1,531,357","±19,199","75,767","±5,055","4.9%","±0.3","215,255","±6,094","24,046","±2,995","11.2%","±1.4","2,273,862","±15,792","217,059","±10,350","9.5%","±0.5","943,500","±11,255","97,622","±5,577","10.3%","±0.6","12,870,390","±46,081","1,439,247","±24,053","11.2%","±0.2","2,053,293","±17,853","156,717","±9,373","7.6%","±0.5","1,174,420","±13,761","100,644","±6,345","8.6%","±0.5","315,714","±7,169","24,818","±3,157","7.9%","±1.0","289,966","±5,240","24,614","±3,033","8.5%","±1.0","6,898,960","±37,820","391,405","±13,164","5.7%","±0.2","3,613,906","±22,792","178,974","±9,147","5.0%","±0.2","458,087","±9,372","36,318","±3,142","7.9%","±0.7","544,560","±8,312","25,534","±3,177","4.7%","±0.6","4,377,721","±22,228","292,531","±10,320","6.7%","±0.2","2,231,696","±16,872","131,200","±6,828","5.9%","±0.3","1,112,583","±11,584","86,722","±5,251","7.8%","±0.4","999,137","±10,231","41,732","±3,389","4.2%","±0.3","1,378,418","±14,058","139,873","±6,198","10.1%","±0.4","1,411,743","±16,617","162,849","±7,393","11.5%","±0.5","441,847","±7,118","27,698","±2,399","6.3%","±0.6","2,176,128","±17,587","167,778","±8,773","7.7%","±0.4","2,438,429","±14,954","237,965","±10,315","9.8%","±0.4","3,145,138","±17,466","261,006","±8,345","8.3%","±0.3","2,007,524","±15,489","144,101","±6,277","7.2%","±0.3","881,679","±16,692","43,156","±4,129","4.9%","±0.5","2,057,586","±15,677","88,597","±5,422","4.3%","±0.3","327,878","±6,405","32,296","±3,529","9.9%","±1.1","706,254","±8,106","29,139","±2,640","4.1%","±0.4","1,035,896","±13,752","76,349","±5,097","7.4%","±0.5","492,619","±7,593","24,997","±2,564","5.1%","±0.5","3,123,417","±16,858","186,272","±8,988","6.0%","±0.3","612,200","±11,090","106,399","±6,638","17.4%","±1.0","6,582,321","±30,177","703,379","±15,859","10.7%","±0.2","3,395,245","±21,404","179,137","±8,065","5.3%","±0.2","270,415","±6,774","15,965","±1,971","5.9%","±0.7","3,866,386","±22,111","303,464","±9,715","7.8%","±0.3","1,272,677","±13,694","66,230","±3,576","5.2%","±0.3","1,318,222","±16,287","105,962","±6,302","8.0%","±0.5","4,306,702","±23,387","301,439","±9,537","7.0%","±0.2","365,991","±8,026","28,360","±3,736","7.7%","±1.0","1,663,361","±18,602","102,952","±7,084","6.2%","±0.4","307,252","±5,307","16,240","±2,415","5.3%","±0.8","2,264,257","±21,793","159,395","±7,436","7.0%","±0.3","9,948,692","±46,972","417,460","±14,524","4.2%","±0.1","1,034,530","±13,179","32,326","±3,385","3.1%","±0.3","208,226","±4,957","18,925","±2,416","9.1%","±1.1","2,968,297","±20,603","179,587","±7,955","6.1%","±0.3","2,525,446","±18,770","179,664","±7,215","7.1%","±0.3","516,338","±9,265","62,574","±4,080","12.1%","±0.8","2,065,536","±14,836","112,281","±5,604","5.4%","±0.3","193,141","±5,082","8,715","±1,601","4.5%","±0.8","675,440","±14,301","123,928","±6,044","18.3%","±0.7"
"    Under 6","346,749","±5,642","177,029","±7,172","51.1%","±1.8","61,904","±1,676","25,834","±2,653","41.7%","±4.2","512,946","±6,002","217,357","±8,244","42.4%","±1.5","220,030","±4,400","124,449","±6,422","56.6%","±2.5","2,835,678","±12,434","1,266,374","±20,722","44.7%","±0.7","397,082","±5,508","142,692","±6,471","35.9%","±1.4","218,510","±3,516","87,095","±5,293","39.9%","±2.2","64,304","±1,687","28,331","±2,883","44.1%","±4.4","53,363","±1,718","20,063","±3,031","37.6%","±5.3","1,345,547","±9,009","634,508","±15,124","47.2%","±1.1","775,401","±8,625","350,326","±9,937","45.2%","±1.2","103,343","±2,449","37,782","±3,194","36.6%","±3.0","143,661","±3,823","61,264","±4,962","42.6%","±3.2","892,547","±7,610","350,002","±11,146","39.2%","±1.2","497,832","±6,609","192,555","±8,641","38.7%","±1.6","233,776","±3,408","95,812","±5,348","41.0%","±2.2","221,565","±3,623","73,632","±4,191","33.2%","±1.8","329,694","±4,855","162,341","±6,654","49.2%","±1.8","353,244","±6,940","192,074","±8,187","54.4%","±1.9","75,659","±2,263","26,928","±2,666","35.6%","±3.1","425,789","±4,782","166,929","±8,101","39.2%","±1.8","422,057","±5,526","156,984","±7,359","37.2%","±1.7","682,553","±5,499","292,523","±8,778","42.9%","±1.2","421,927","±4,305","144,677","±5,990","34.3%","±1.4","216,623","±5,190","121,812","±6,018","56.2%","±2.5","441,088","±5,476","162,747","±6,737","36.9%","±1.5","69,014","±1,929","31,833","±2,860","46.1%","±3.9","157,990","±3,017","49,450","±3,782","31.3%","±2.2","223,333","±3,520","82,494","±5,015","36.9%","±2.2","77,626","±2,036","24,821","±3,062","32.0%","±3.8","613,541","±6,035","213,355","±7,600","34.8%","±1.2","142,177","±3,422","89,851","±4,357","63.2%","±2.8","1,332,228","±7,684","589,997","±14,447","44.3%","±1.0","717,501","±7,796","335,171","±9,783","46.7%","±1.2","60,423","±2,276","13,147","±1,969","21.8%","±3.1","823,100","±6,840","342,934","±11,087","41.7%","±1.3","303,867","±3,780","145,353","±4,790","47.8%","±1.5","271,601","±4,012","106,065","±5,097","39.1%","±1.8","836,012","±6,988","336,623","±9,250","40.3%","±1.0","64,443","±2,237","23,156","±3,209","35.9%","±4.7","343,735","±5,495","170,451","±7,483","49.6%","±1.9","71,426","±2,457","24,050","±2,629","33.7%","±3.6","486,081","±5,078","222,692","±8,816","45.8%","±1.7","2,372,467","±13,569","1,011,341","±18,603","42.6%","±0.7","297,048","±3,195","60,711","±4,900","20.4%","±1.7","34,245","±1,152","15,531","±1,837","45.4%","±5.3","596,874","±5,957","194,749","±8,227","32.6%","±1.3","546,746","±6,091","226,015","±7,920","41.3%","±1.3","112,129","±2,832","59,995","±4,609","53.5%","±3.8","394,477","±4,234","134,474","±5,091","34.1%","±1.2","41,052","±2,025","10,113","±1,909","24.6%","±4.4","141,952","±3,003","95,662","±4,590","67.4%","±2.9"
"    6 to 18 years","807,643","±7,270","338,606","±12,155","41.9%","±1.4","128,098","±2,344","47,690","±4,012","37.2%","±2.9","1,231,336","±7,060","434,180","±14,114","35.3%","±1.1","520,881","±6,242","254,221","±8,513","48.8%","±1.6","6,569,379","±16,309","2,750,594","±30,804","41.9%","±0.5","933,919","±6,952","287,052","±11,095","30.7%","±1.2","554,704","±4,737","197,036","±8,405","35.5%","±1.5","151,095","±2,714","57,263","±4,955","37.9%","±3.3","85,126","±2,810","39,317","±3,651","46.2%","±4.3","3,134,321","±13,889","1,183,141","±24,204","37.7%","±0.7","1,886,590","±12,514","691,862","±18,463","36.7%","±0.9","211,710","±2,998","67,656","±4,333","32.0%","±2.0","331,191","±4,633","111,174","±6,450","33.6%","±1.9","2,088,978","±9,453","704,028","±16,132","33.7%","±0.8","1,166,017","±8,258","358,204","±10,906","30.7%","±0.9","531,546","±4,469","184,057","±8,757","34.6%","±1.5","518,086","±4,210","146,010","±6,536","28.2%","±1.2","728,892","±6,570","307,506","±9,943","42.2%","±1.3","795,507","±8,663","396,657","±11,981","49.9%","±1.3","186,078","±3,270","65,452","±4,700","35.2%","±2.4","984,946","±6,536","323,466","±11,538","32.8%","±1.1","1,024,190","±7,632","342,810","±11,824","33.5%","±1.1","1,597,938","±7,956","562,765","±13,721","35.2%","±0.8","956,456","±5,769","287,881","±10,058","30.1%","±1.0","528,018","±7,354","258,069","±10,269","48.9%","±1.7","1,005,466","±7,336","309,706","±10,709","30.8%","±1.0","172,729","±2,841","69,701","±4,508","40.4%","±2.4","344,104","±3,434","88,229","±5,142","25.6%","±1.5","501,345","±4,331","156,763","±7,747","31.3%","±1.6","199,262","±2,742","53,748","±4,546","27.0%","±2.2","1,428,036","±6,957","430,563","±11,526","30.2%","±0.8","359,389","±4,803","196,168","±7,612","54.6%","±2.0","2,932,191","±11,275","1,173,281","±21,807","40.0%","±0.7","1,737,234","±10,563","682,079","±15,600","39.3%","±0.9","126,706","±2,834","25,159","±3,826","19.9%","±3.0","1,912,950","±9,513","649,239","±14,469","33.9%","±0.7","701,301","±4,591","289,777","±8,393","41.3%","±1.2","642,785","±5,504","237,504","±10,301","36.9%","±1.6","1,967,494","±9,222","732,406","±13,655","37.2%","±0.7","155,833","±3,303","49,880","±3,792","32.0%","±2.4","838,238","±6,986","332,475","±11,310","39.7%","±1.3","154,745","±2,463","42,539","±3,690","27.5%","±2.3","1,114,132","±8,292","428,956","±13,979","38.5%","±1.2","5,435,672","±17,747","1,869,531","±35,295","34.4%","±0.6","685,518","±4,982","100,085","±7,101","14.6%","±1.0","90,297","±2,111","38,681","±2,862","42.8%","±2.9","1,378,513","±8,339","378,294","±13,973","27.4%","±1.0","1,210,713","±7,572","458,741","±14,783","37.9%","±1.2","268,742","±4,259","120,549","±7,174","44.9%","±2.6","950,124","±5,551","283,155","±8,803","29.8%","±0.9","102,260","±3,637","24,337","±3,366","23.8%","±3.0","479,809","±4,326","287,441","±7,968","59.9%","±1.6"
"    19 to 25 years","442,300","±7,954","47,416","±4,333","10.7%","±0.9","61,715","±3,202","11,134","±2,054","18.0%","±3.1","678,288","±8,290","135,602","±7,384","20.0%","±1.1","272,007","±6,061","60,595","±4,378","22.3%","±1.5","3,674,002","±17,099","943,699","±18,446","25.7%","±0.5","517,756","±7,478","81,271","±6,013","15.7%","±1.1","331,012","±5,526","73,786","±5,377","22.3%","±1.6","80,518","±3,160","13,069","±1,912","16.2%","±2.3","78,136","±3,435","16,295","±2,881","20.9%","±3.6","1,743,491","±14,053","195,122","±8,348","11.2%","±0.5","988,980","±12,400","89,978","±7,362","9.1%","±0.7","103,929","±2,718","18,011","±2,426","17.3%","±2.3","160,358","±4,301","15,245","±2,739","9.5%","±1.7","1,142,868","±11,798","185,992","±8,148","16.3%","±0.7","645,153","±7,853","90,195","±5,388","14.0%","±0.8","301,588","±5,595","54,889","±4,001","18.2%","±1.3","280,389","±5,399","23,656","±2,506","8.4%","±0.9","411,173","±7,456","104,725","±5,814","25.5%","±1.3","407,730","±8,973","124,774","±6,546","30.6%","±1.6","104,980","±3,068","16,528","±1,791","15.7%","±1.7","514,027","±7,409","90,472","±5,640","17.6%","±1.0","693,761","±6,303","131,592","±7,178","19.0%","±1.0","929,617","±8,504","197,114","±7,632","21.2%","±0.8","483,588","±6,327","77,088","±4,993","15.9%","±1.0","275,682","±7,144","38,551","±4,308","14.0%","±1.6","543,324","±7,762","45,918","±4,433","8.5%","±0.8","94,435","±3,711","19,233","±2,446","20.4%","±2.3","180,704","±4,075","12,788","±1,878","7.1%","±1.0","253,513","±5,254","39,388","±3,401","15.5%","±1.3","117,320","±3,339","14,276","±1,948","12.2%","±1.6","750,462","±7,940","119,439","±7,189","15.9%","±1.0","187,562","±4,832","68,517","±5,129","36.5%","±2.6","1,781,182","±11,321","445,573","±11,933","25.0%","±0.6","933,160","±11,060","121,598","±7,654","13.0%","±0.8","80,956","±3,210","7,560","±1,455","9.3%","±1.7","1,048,290","±8,891","193,631","±9,315","18.5%","±0.9","369,720","±4,937","34,691","±2,629","9.4%","±0.7","362,328","±6,788","76,213","±6,098","21.0%","±1.6","1,112,591","±9,108","202,494","±7,358","18.2%","±0.7","104,680","±3,562","17,604","±3,318","16.8%","±2.9","443,344","±7,072","61,199","±5,457","13.8%","±1.2","77,326","±3,177","5,248","±1,218","6.8%","±1.5","615,264","±7,020","92,722","±5,496","15.1%","±0.9","2,750,901","±18,725","211,781","±9,557","7.7%","±0.4","356,164","±6,234","20,861","±3,090","5.9%","±0.8","60,651","±2,244","13,177","±1,696","21.7%","±2.7","750,165","±10,790","87,480","±5,049","11.7%","±0.7","642,389","±8,523","119,429","±6,358","18.6%","±1.0","151,904","±4,588","38,832","±3,582","25.6%","±2.2","526,643","±6,555","68,135","±3,969","12.9%","±0.7","49,686","±2,654","4,076","±1,517","8.2%","±2.9","314,266","±5,426","151,932","±5,920","48.3%","±1.8"
"    26 to 34 years","555,579","±7,973","73,960","±4,851","13.3%","±0.9","96,175","±3,425","21,748","±2,622","22.6%","±2.5","861,365","±7,122","182,604","±7,719","21.2%","±0.9","336,896","±6,268","80,981","±5,273","24.0%","±1.5","5,295,826","±14,947","1,202,225","±22,158","22.7%","±0.4","797,396","±6,962","135,594","±6,374","17.0%","±0.8","392,155","±4,853","92,424","±5,413","23.6%","±1.3","111,087","±2,590","25,819","±3,295","23.2%","±2.9","144,494","±2,343","21,916","±2,846","15.2%","±1.9","2,407,096","±15,246","304,575","±11,777","12.7%","±0.5","1,250,188","±13,673","144,810","±9,170","11.6%","±0.7","157,967","±3,420","29,111","±2,791","18.4%","±1.8","206,245","±3,773","24,129","±3,257","11.7%","±1.6","1,543,275","±8,890","255,974","±9,866","16.6%","±0.6","776,451","±7,755","133,063","±5,385","17.1%","±0.7","354,249","±4,450","65,969","±4,103","18.6%","±1.2","326,897","±5,474","31,281","±2,993","9.6%","±0.9","496,474","±6,583","127,893","±6,499","25.8%","±1.3","552,224","±8,586","148,702","±6,718","26.9%","±1.1","145,795","±2,662","29,501","±2,866","20.2%","±1.9","713,404","±7,097","125,384","±6,490","17.6%","±0.9","877,663","±6,006","191,544","±7,648","21.8%","±0.9","1,152,999","±8,452","269,973","±8,374","23.4%","±0.7","683,911","±5,362","125,857","±5,285","18.4%","±0.7","314,445","±8,172","44,873","±4,647","14.3%","±1.4","724,743","±7,359","82,911","±5,115","11.4%","±0.7","118,176","±3,611","27,398","±3,343","23.2%","±2.7","226,725","±4,254","24,036","±2,702","10.6%","±1.1","397,175","±5,713","66,491","±5,431","16.7%","±1.3","152,574","±3,005","25,295","±3,022","16.6%","±1.9","1,013,717","±7,489","150,315","±6,873","14.8%","±0.7","241,003","±4,645","86,469","±5,567","35.9%","±2.3","2,537,514","±12,457","604,342","±11,376","23.8%","±0.4","1,203,717","±12,201","164,336","±8,840","13.7%","±0.7","98,271","±3,583","10,401","±2,617","10.6%","±2.6","1,353,972","±7,777","296,726","±10,189","21.9%","±0.7","463,554","±5,297","53,886","±3,580","11.6%","±0.7","530,594","±5,958","117,774","±5,325","22.2%","±1.0","1,504,431","±7,172","292,068","±9,127","19.4%","±0.6","131,825","±2,748","32,174","±3,377","24.4%","±2.5","580,094","±7,842","87,748","±5,878","15.1%","±1.0","100,834","±2,926","10,234","±2,260","10.1%","±2.2","811,999","±7,806","136,800","±7,663","16.8%","±0.9","3,695,514","±18,328","327,806","±11,271","8.9%","±0.3","414,286","±4,450","32,233","±3,278","7.8%","±0.8","68,631","±1,581","19,359","±2,199","28.2%","±3.1","991,209","±9,406","138,788","±6,430","14.0%","±0.6","1,024,664","±8,245","192,042","±8,068","18.7%","±0.8","180,350","±4,599","56,213","±3,919","31.2%","±2.1","653,551","±5,920","110,852","±5,617","17.0%","±0.8","67,952","±2,713","7,172","±1,220","10.6%","±1.7","332,287","±6,268","159,553","±6,501","48.0%","±1.8"
"    35 to 44 years","589,230","±6,191","85,575","±6,718","14.5%","±1.1","88,358","±2,165","16,449","±1,976","18.6%","±2.2","872,298","±3,792","165,546","±7,637","19.0%","±0.9","367,200","±5,991","76,727","±5,062","20.9%","±1.4","5,210,781","±7,194","1,052,160","±19,227","20.2%","±0.4","786,194","±5,632","120,044","±7,447","15.3%","±0.9","422,039","±2,394","82,358","±5,308","19.5%","±1.3","110,932","±1,508","20,399","±2,932","18.4%","±2.6","107,313","±717","20,347","±2,653","19.0%","±2.5","2,552,214","±10,321","302,368","±13,550","11.8%","±0.5","1,363,336","±10,279","136,075","±9,587","10.0%","±0.7","174,772","±2,038","27,748","±3,074","15.9%","±1.7","221,307","±3,332","22,545","±2,781","10.2%","±1.2","1,616,440","±5,273","242,236","±8,731","15.0%","±0.5","811,000","±5,018","126,777","±6,639","15.6%","±0.8","387,128","±3,453","61,849","±4,463","16.0%","±1.1","353,461","±3,517","35,210","±3,389","10.0%","±1.0","541,182","±4,774","130,620","±6,938","24.1%","±1.3","584,429","±7,197","139,259","±6,855","23.8%","±1.2","152,048","±1,432","27,307","±2,502","18.0%","±1.6","770,643","±4,657","125,287","±6,582","16.3%","±0.9","842,257","±3,584","179,608","±7,715","21.3%","±0.9","1,159,017","±3,934","237,591","±7,000","20.5%","±0.6","722,340","±4,369","106,376","±4,747","14.7%","±0.7","366,086","±7,481","56,460","±5,760","15.4%","±1.6","737,992","±3,939","80,879","±4,645","11.0%","±0.6","129,957","±2,021","26,342","±2,371","20.3%","±1.8","238,839","±2,763","20,774","±2,248","8.7%","±1.0","402,107","±2,927","60,196","±3,958","15.0%","±1.0","156,671","±2,553","21,195","±2,447","13.5%","±1.6","1,129,622","±3,969","146,547","±7,214","13.0%","±0.6","253,114","±4,460","76,243","±5,247","30.1%","±2.0","2,399,551","±5,234","538,397","±12,999","22.4%","±0.5","1,286,064","±7,941","160,144","±8,716","12.5%","±0.7","94,739","±2,195","13,203","±2,431","13.9%","±2.6","1,380,020","±5,544","262,366","±8,807","19.0%","±0.6","485,115","±3,971","61,963","±3,834","12.8%","±0.8","571,790","±5,669","105,854","±6,399","18.5%","±1.1","1,488,203","±5,230","268,716","±10,515","18.1%","±0.7","122,158","±1,559","23,366","±2,761","19.1%","±2.2","611,842","±6,758","80,128","±6,050","13.1%","±1.0","103,585","±2,329","11,054","±2,300","10.7%","±2.2","829,866","±4,923","132,493","±7,121","16.0%","±0.9","3,872,761","±13,093","341,451","±13,274","8.8%","±0.3","438,510","±2,925","33,741","±3,132","7.7%","±0.7","70,316","±962","15,472","±1,947","22.0%","±2.8","1,077,171","±6,775","137,309","±7,636","12.7%","±0.7","1,012,480","±5,223","164,649","±8,591","16.3%","±0.8","213,261","±3,166","61,709","±4,289","28.9%","±1.9","701,439","±3,992","103,109","±4,783","14.7%","±0.7","72,198","±2,030","7,404","±1,585","10.3%","±2.2","390,448","±3,720","169,465","±6,400","43.4%","±1.6"
"    45 to 54 years","600,000","±5,316","94,060","±5,262","15.7%","±0.8","86,478","±2,660","16,292","±1,990","18.8%","±2.2","838,818","±3,349","149,606","±6,784","17.8%","±0.8","356,492","±5,495","81,826","±4,657","23.0%","±1.2","4,922,681","±5,429","944,022","±17,537","19.2%","±0.4","696,825","±3,708","94,861","±6,298","13.6%","±0.9","475,618","±2,362","89,765","±4,907","18.9%","±1.0","117,488","±1,304","22,039","±2,784","18.8%","±2.4","73,792","±632","19,455","±2,406","26.4%","±3.2","2,672,909","±8,403","345,505","±11,693","12.9%","±0.4","1,377,964","±9,632","165,279","±7,324","12.0%","±0.5","164,358","±1,883","26,476","±2,576","16.1%","±1.5","200,081","±3,015","23,801","±3,208","11.9%","±1.6","1,583,857","±5,214","232,131","±8,349","14.7%","±0.5","817,249","±5,526","122,829","±5,621","15.0%","±0.7","356,582","±3,301","57,228","±3,838","16.0%","±1.1","322,900","±3,290","33,492","±2,493","10.4%","±0.8","553,544","±4,088","144,264","±5,219","26.1%","±0.9","531,519","±6,435","131,698","±6,649","24.8%","±1.2","175,132","±1,759","30,336","±2,603","17.3%","±1.5","786,346","±3,567","123,557","±5,683","15.7%","±0.7","889,380","±3,169","180,106","±6,530","20.3%","±0.7","1,239,056","±4,039","246,910","±7,425","19.9%","±0.6","668,245","±2,563","93,756","±4,364","14.0%","±0.6","352,799","±7,877","59,683","±4,957","16.9%","±1.3","720,776","±3,575","98,493","±5,358","13.7%","±0.7","115,825","±1,968","20,810","±1,996","18.0%","±1.7","214,029","±3,192","20,437","±2,171","9.5%","±1.0","391,841","±2,591","60,838","±4,264","15.5%","±1.1","180,911","±1,531","20,733","±2,686","11.5%","±1.5","1,190,812","±3,198","152,353","±7,199","12.8%","±0.6","231,565","±3,463","62,895","±4,542","27.2%","±1.9","2,449,264","±4,259","542,941","±14,092","22.2%","±0.6","1,344,977","±7,381","170,849","±8,724","12.7%","±0.6","75,577","±1,911","9,345","±1,551","12.4%","±2.0","1,434,417","±5,378","266,983","±7,576","18.6%","±0.5","445,277","±2,882","60,174","±2,985","13.5%","±0.6","506,449","±5,206","94,833","±5,060","18.7%","±1.0","1,585,572","±5,601","269,027","±8,863","17.0%","±0.6","134,484","±1,564","24,835","±3,194","18.5%","±2.4","625,673","±5,723","89,096","±5,597","14.2%","±0.9","95,723","±2,105","11,892","±1,854","12.4%","±1.9","861,017","±4,163","135,434","±6,274","15.7%","±0.7","3,498,913","±10,630","343,098","±12,250","9.8%","±0.4","326,047","±3,144","26,448","±2,810","8.1%","±0.8","77,810","±1,011","15,126","±1,903","19.4%","±2.5","1,073,493","±6,760","142,020","±6,763","13.2%","±0.6","917,306","±4,636","143,666","±7,580","15.7%","±0.8","223,763","±2,148","63,308","±3,848","28.3%","±1.7","712,668","±4,412","99,487","±5,607","14.0%","±0.8","63,152","±1,826","6,936","±1,178","11.0%","±1.9","409,570","±1,733","180,725","±6,327","44.1%","±1.5"
"    55 to 64 years","646,174","±3,178","167,913","±6,184","26.0%","±1.0","94,109","±1,928","24,489","±2,336","26.0%","±2.4","875,919","±2,834","214,257","±7,601","24.5%","±0.8","381,442","±3,316","129,593","±5,348","34.0%","±1.3","4,750,603","±4,243","1,170,675","±16,417","24.6%","±0.3","705,688","±2,462","128,662","±5,977","18.2%","±0.8","511,427","±2,062","103,675","±5,210","20.3%","±1.0","135,211","±987","28,979","±3,067","21.4%","±2.3","69,275","±704","23,667","±2,180","34.2%","±3.0","2,873,392","±4,071","569,661","±11,706","19.8%","±0.4","1,285,303","±5,334","260,879","±9,390","20.3%","±0.7","177,044","±1,125","32,881","±2,592","18.6%","±1.4","218,198","±1,786","37,710","±3,442","17.3%","±1.5","1,638,734","±3,125","326,941","±9,388","20.0%","±0.6","870,149","±3,534","190,412","±6,904","21.9%","±0.8","415,540","±2,279","84,651","±3,712","20.4%","±0.9","368,509","±2,370","57,084","±3,616","15.5%","±1.0","592,423","±3,424","199,234","±7,494","33.6%","±1.2","592,297","±3,829","184,513","±6,746","31.2%","±1.1","210,347","±1,303","48,157","±2,876","22.9%","±1.4","813,578","±3,012","158,277","±6,106","19.5%","±0.7","934,959","±2,432","204,276","±7,999","21.8%","±0.8","1,388,323","±2,912","335,724","±7,164","24.2%","±0.5","752,439","±2,547","136,515","±4,852","18.1%","±0.6","377,461","±2,655","101,896","±4,877","27.0%","±1.3","825,095","±3,702","165,641","±5,690","20.1%","±0.7","150,310","±1,590","34,200","±3,039","22.8%","±2.0","240,830","±1,908","32,305","±2,604","13.4%","±1.1","380,337","±1,838","90,666","±5,067","23.8%","±1.3","213,526","±1,480","34,156","±2,818","16.0%","±1.3","1,213,505","±1,718","208,105","±7,050","17.1%","±0.6","270,958","±2,328","91,198","±5,062","33.7%","±1.8","2,580,445","±3,966","679,039","±13,706","26.3%","±0.5","1,346,536","±4,614","289,805","±8,606","21.5%","±0.6","93,711","±1,299","13,407","±1,645","14.3%","±1.7","1,588,640","±3,827","364,002","±8,675","22.9%","±0.5","487,021","±2,649","97,425","±4,131","20.0%","±0.8","532,514","±2,969","136,153","±5,919","25.6%","±1.1","1,789,873","±3,616","400,435","±9,365","22.4%","±0.5","149,789","±1,596","34,097","±3,430","22.8%","±2.3","688,526","±2,985","160,371","±7,016","23.3%","±1.0","116,241","±1,357","18,983","±2,341","16.3%","±1.9","889,669","±4,288","202,399","±7,507","22.7%","±0.8","3,234,876","±7,343","526,307","±12,345","16.3%","±0.4","299,202","±2,145","38,149","±3,128","12.8%","±1.0","94,247","±740","23,130","±2,004","24.5%","±2.1","1,104,657","±4,013","197,810","±6,739","17.9%","±0.6","955,843","±3,292","200,746","±6,860","21.0%","±0.7","253,562","±1,822","85,188","±4,207","33.6%","±1.7","819,122","±2,826","139,641","±4,971","17.0%","±0.6","76,377","±1,292","11,270","±1,542","14.8%","±2.0","426,899","±535","230,079","±5,530","53.9%","±1.3"
"    65 to 74 years","499,760","±4,146","480,501","±4,208","96.1%","±0.5","61,436","±2,046","57,396","±2,059","93.4%","±1.6","746,909","±2,323","709,852","±3,511","95.0%","±0.4","298,732","±2,561","287,702","±2,919","96.3%","±0.7","3,357,187","±5,002","3,096,205","±10,029","92.2%","±0.3","520,406","±3,233","491,179","±4,255","94.4%","±0.5","348,330","±1,825","320,235","±3,304","91.9%","±0.8","111,208","±1,081","107,718","±1,230","96.9%","±0.8","49,666","±870","43,188","±1,509","87.0%","±2.5","2,443,375","±5,789","2,301,307","±9,114","94.2%","±0.3","921,835","±5,617","870,912","±6,952","94.5%","±0.5","152,272","±1,051","141,683","±2,089","93.0%","±1.2","172,552","±1,737","167,015","±2,051","96.8%","±0.6","1,164,078","±3,584","1,084,015","±6,082","93.1%","±0.4","627,972","±3,126","601,947","±3,817","95.9%","±0.4","306,952","±2,134","295,038","±2,232","96.1%","±0.6","271,081","±2,675","258,305","±2,781","95.3%","±0.6","448,630","±3,428","434,824","±4,043","96.9%","±0.4","439,928","±3,425","418,148","±4,319","95.0%","±0.7","168,316","±1,074","161,373","±1,727","95.9%","±0.8","558,169","±2,630","507,534","±4,065","90.9%","±0.6","667,962","±3,015","613,325","±5,237","91.8%","±0.7","1,030,685","±3,034","993,274","±4,051","96.4%","±0.3","526,762","±2,331","501,300","±2,954","95.2%","±0.4","286,106","±3,632","277,767","±4,242","97.1%","±0.6","600,037","±2,539","576,752","±3,486","96.1%","±0.4","125,384","±1,355","121,316","±1,635","96.8%","±0.7","177,181","±1,519","168,299","±1,764","95.0%","±0.5","303,772","±1,622","284,884","±2,677","93.8%","±0.8","150,389","±1,247","142,731","±1,806","94.9%","±1.0","828,471","±2,840","760,971","±5,023","91.9%","±0.6","222,637","±2,496","211,412","±2,909","95.0%","±0.8","1,840,769","±3,561","1,696,345","±8,017","92.2%","±0.4","1,037,375","±4,714","995,610","±5,958","96.0%","±0.4","66,492","±1,140","62,885","±1,469","94.6%","±1.3","1,165,573","±3,676","1,110,543","±4,940","95.3%","±0.3","363,160","±2,428","344,888","±2,633","95.0%","±0.6","463,146","±3,089","441,538","±3,945","95.3%","±0.5","1,334,870","±3,129","1,267,260","±4,820","94.9%","±0.3","105,553","±1,090","98,459","±1,633","93.3%","±1.3","565,869","±3,235","544,651","±4,588","96.3%","±0.5","89,024","±1,066","84,701","±1,318","95.1%","±1.1","671,722","±3,931","643,682","±4,970","95.8%","±0.4","2,231,557","±7,725","2,060,606","±11,485","92.3%","±0.4","218,090","±1,933","203,130","±2,377","93.1%","±0.8","75,054","±917","72,093","±903","96.1%","±0.9","801,925","±4,869","753,114","±5,473","93.9%","±0.4","729,639","±3,155","685,272","±4,605","93.9%","±0.5","215,456","±1,674","209,929","±1,966","97.4%","±0.6","592,713","±2,509","570,706","±3,240","96.3%","±0.4","60,056","±1,245","58,479","±1,351","97.4%","±0.8","365,047","±631","346,584","±2,243","94.9%","±0.6"
"    75 years and over","335,079","±3,251","331,579","±3,295","99.0%","±0.3","27,499","±1,155","27,380","±1,168","99.6%","±0.4","548,025","±1,587","540,969","±1,932","98.7%","±0.3","208,916","±2,383","206,985","±2,473","99.1%","±0.4","2,381,444","±4,119","2,322,694","±5,922","97.5%","±0.2","308,933","±3,204","304,007","±3,117","98.4%","±0.4","260,767","±1,700","257,034","±1,956","98.6%","±0.3","74,535","±1,110","73,981","±1,155","99.3%","±0.6","35,434","±955","33,881","±1,190","95.6%","±2.1","1,984,425","±5,369","1,944,059","±7,867","98.0%","±0.3","570,815","±4,992","562,341","±5,417","98.5%","±0.3","113,320","±775","111,681","±918","98.6%","±0.5","111,318","±1,401","110,371","±1,474","99.1%","±0.4","817,600","±3,503","802,635","±4,077","98.2%","±0.3","419,706","±2,630","415,915","±2,588","99.1%","±0.2","224,553","±1,654","223,211","±1,579","99.4%","±0.2","188,943","±2,184","186,638","±2,124","98.8%","±0.4","282,884","±1,790","281,255","±1,925","99.4%","±0.2","282,812","±3,554","277,080","±3,577","98.0%","±0.4","109,268","±1,196","107,479","±1,346","98.4%","±0.7","378,944","±2,426","369,851","±2,886","97.6%","±0.4","468,740","±2,868","460,769","±3,067","98.3%","±0.3","699,298","±2,144","692,818","±2,347","99.1%","±0.2","365,160","±2,027","361,703","±2,219","99.1%","±0.2","187,389","±2,927","185,971","±2,907","99.2%","±0.3","422,144","±2,716","417,998","±2,922","99.0%","±0.3","77,816","±913","77,268","±975","99.3%","±0.4","123,809","±1,294","122,596","±1,372","99.0%","±0.5","189,996","±1,290","186,361","±2,291","98.1%","±0.9","95,058","±1,247","94,188","±1,252","99.1%","±0.4","607,810","±2,822","596,021","±3,409","98.1%","±0.3","150,513","±1,932","148,744","±2,036","98.8%","±0.4","1,359,659","±3,475","1,341,007","±4,175","98.6%","±0.2","674,498","±4,281","667,386","±4,185","98.9%","±0.2","47,297","±724","47,075","±698","99.5%","±0.2","807,989","±3,608","796,905","±4,086","98.6%","±0.2","252,643","±2,067","249,166","±2,019","98.6%","±0.4","293,795","±2,797","290,286","±2,862","98.8%","±0.3","974,090","±3,597","962,859","±3,768","98.8%","±0.2","74,988","±1,020","73,979","±1,030","98.7%","±0.7","351,192","±2,978","349,164","±2,948","99.4%","±0.2","58,401","±911","57,820","±907","99.0%","±0.5","439,565","±3,341","435,744","±3,387","99.1%","±0.2","1,421,767","±6,148","1,384,322","±7,057","97.4%","±0.3","143,529","±1,441","141,648","±1,607","98.7%","±0.5","46,813","±660","46,722","±664","99.8%","±0.2","529,664","±4,099","521,596","±4,298","98.5%","±0.3","457,673","±2,729","450,870","±2,881","98.5%","±0.3","142,885","±1,635","142,077","±1,668","99.4%","±0.3","400,667","±1,836","397,607","±1,823","99.2%","±0.2","36,126","±1,075","36,083","±1,095","99.9%","±0.2","309,250","±708","302,076","±1,542","97.7%","±0.4"
"COVERAGE ALONE","","","","","","","","","","","","","","","","","","","","","","","","","","","","","","","","","","","","","","","","","","","","","","","","","","","","","","","","","","","","","","","","","","","","","","","","","","","","","","","","","","","","","","","","","","","","","","","","","","","","","","","","","","","","","","","","","","","","","","","","","","","","","","","","","","","","","","","","","","","","","","","","","","","","","","","","","","","","","","","","","","","","","","","","","","","","","","","","","","","","","","","","","","","","","","","","","","","","","","","","","","","","","","","","","","","","","","","","","","","","","","","","","","","","","","","","","","","","","","","","","","","","","","","","","","","","","","","","","","","","","","","","","","","","","","","","","","","","","","","","","","","","","","","","","","","","","","","","","","","","","","","","","","","","","","","",""
"    Public health insurance alone","(X)","(X)","973,504","±20,242","20.2%","±0.4","(X)","(X)","144,273","±8,567","20.4%","±1.2","(X)","(X)","1,661,809","±29,554","23.2%","±0.4","(X)","(X)","817,808","±17,938","27.6%","±0.6","(X)","(X)","9,761,825","±73,580","25.0%","±0.2","(X)","(X)","1,083,481","±27,553","19.1%","±0.5","(X)","(X)","769,097","±16,401","21.9%","±0.5","(X)","(X)","191,159","±11,810","20.0%","±1.2","(X)","(X)","143,213","±8,600","20.6%","±1.2","(X)","(X)","4,380,035","±53,552","20.7%","±0.3","(X)","(X)","1,890,040","±32,055","18.1%","±0.3","(X)","(X)","238,464","±10,146","17.6%","±0.8","(X)","(X)","300,958","±12,158","17.1%","±0.7","(X)","(X)","2,542,688","±36,537","20.4%","±0.3","(X)","(X)","1,286,047","±25,678","19.4%","±0.4","(X)","(X)","604,287","±14,648","19.4%","±0.5","(X)","(X)","413,828","±12,590","14.5%","±0.4","(X)","(X)","1,152,862","±23,118","26.3%","±0.5","(X)","(X)","1,350,879","±26,579","29.8%","±0.6","(X)","(X)","240,486","±10,380","18.1%","±0.8","(X)","(X)","1,071,036","±23,569","18.0%","±0.4","(X)","(X)","1,340,808","±26,712","19.7%","±0.4","(X)","(X)","2,015,267","±28,149","20.4%","±0.3","(X)","(X)","971,066","±20,111","17.4%","±0.4","(X)","(X)","696,124","±19,622","24.0%","±0.7","(X)","(X)","1,061,292","±20,826","17.6%","±0.3","(X)","(X)","236,929","±8,228","22.5%","±0.8","(X)","(X)","275,132","±9,463","14.4%","±0.5","(X)","(X)","640,285","±15,326","21.0%","±0.5","(X)","(X)","217,833","±11,029","16.2%","±0.8","(X)","(X)","1,604,103","±28,867","18.3%","±0.3","(X)","(X)","660,949","±15,612","32.1%","±0.8","(X)","(X)","4,552,332","±52,061","23.7%","±0.3","(X)","(X)","1,996,889","±26,081","19.4%","±0.3","(X)","(X)","89,235","±6,831","12.0%","±0.9","(X)","(X)","2,534,859","±34,809","22.0%","±0.3","(X)","(X)","743,009","±13,112","19.2%","±0.3","(X)","(X)","923,193","±22,114","22.1%","±0.5","(X)","(X)","2,483,208","±29,929","19.7%","±0.2","(X)","(X)","196,949","±10,545","18.9%","±1.0","(X)","(X)","1,012,311","±20,888","20.1%","±0.4","(X)","(X)","136,396","±6,403","15.7%","±0.7","(X)","(X)","1,408,779","±26,574","21.0%","±0.4","(X)","(X)","5,002,261","±52,973","17.5%","±0.2","(X)","(X)","331,985","±12,862","10.4%","±0.4","(X)","(X)","142,933","±7,189","23.1%","±1.2","(X)","(X)","1,298,801","±28,551","15.6%","±0.3","(X)","(X)","1,509,048","±31,103","20.1%","±0.4","(X)","(X)","469,796","±14,770","26.7%","±0.8","(X)","(X)","999,474","±20,659","17.4%","±0.4","(X)","(X)","79,265","±5,658","13.9%","±1.0","(X)","(X)","1,372,853","±19,849","43.3%","±0.6"
"        Medicare coverage alone","(X)","(X)","301,337","±10,011","6.2%","±0.2","(X)","(X)","26,395","±2,988","3.7%","±0.4","(X)","(X)","512,575","±11,387","7.2%","±0.2","(X)","(X)","207,518","±6,886","7.0%","±0.2","(X)","(X)","2,055,848","±23,586","5.3%","±0.1","(X)","(X)","321,552","±9,126","5.7%","±0.2","(X)","(X)","197,548","±6,371","5.6%","±0.2","(X)","(X)","51,475","±3,519","5.4%","±0.4","(X)","(X)","16,986","±2,488","2.4%","±0.4","(X)","(X)","1,825,649","±22,970","8.6%","±0.1","(X)","(X)","576,436","±12,216","5.5%","±0.1","(X)","(X)","63,842","±4,296","4.7%","±0.3","(X)","(X)","96,325","±4,832","5.5%","±0.3","(X)","(X)","721,698","±11,539","5.8%","±0.1","(X)","(X)","394,976","±9,712","6.0%","±0.1","(X)","(X)","164,758","±5,847","5.3%","±0.2","(X)","(X)","145,696","±6,234","5.1%","±0.2","(X)","(X)","277,333","±8,843","6.3%","±0.2","(X)","(X)","306,185","±10,513","6.7%","±0.2","(X)","(X)","86,182","±3,891","6.5%","±0.3","(X)","(X)","248,919","±9,177","4.2%","±0.2","(X)","(X)","299,341","±9,287","4.4%","±0.1","(X)","(X)","451,971","±8,913","4.6%","±0.1","(X)","(X)","231,390","±6,600","4.1%","±0.1","(X)","(X)","184,768","±7,259","6.4%","±0.2","(X)","(X)","415,092","±10,269","6.9%","±0.2","(X)","(X)","70,352","±3,265","6.7%","±0.3","(X)","(X)","104,077","±3,662","5.5%","±0.2","(X)","(X)","214,780","±6,274","7.1%","±0.2","(X)","(X)","81,931","±4,227","6.1%","±0.3","(X)","(X)","502,322","±12,876","5.7%","±0.1","(X)","(X)","133,810","±5,522","6.5%","±0.3","(X)","(X)","954,522","±16,279","5.0%","±0.1","(X)","(X)","611,723","±10,314","5.9%","±0.1","(X)","(X)","29,388","±2,394","3.9%","±0.3","(X)","(X)","734,090","±12,112","6.4%","±0.1","(X)","(X)","231,889","±7,660","6.0%","±0.2","(X)","(X)","265,053","±9,169","6.3%","±0.2","(X)","(X)","682,272","±12,165","5.4%","±0.1","(X)","(X)","59,922","±4,147","5.7%","±0.4","(X)","(X)","319,977","±8,089","6.3%","±0.2","(X)","(X)","55,478","±3,435","6.4%","±0.4","(X)","(X)","426,945","±10,853","6.4%","±0.2","(X)","(X)","1,486,953","±22,051","5.2%","±0.1","(X)","(X)","124,251","±5,865","3.9%","±0.2","(X)","(X)","39,719","±2,844","6.4%","±0.5","(X)","(X)","425,588","±10,455","5.1%","±0.1","(X)","(X)","368,754","±9,203","4.9%","±0.1","(X)","(X)","114,463","±5,441","6.5%","±0.3","(X)","(X)","326,209","±7,397","5.7%","±0.1","(X)","(X)","31,039","±2,757","5.5%","±0.5","(X)","(X)","300,447","±8,261","9.5%","±0.3"
"        Medicaid/means tested coverage alone","(X)","(X)","657,959","±18,198","13.6%","±0.4","(X)","(X)","114,612","±8,135","16.2%","±1.1","(X)","(X)","1,124,478","±28,107","15.7%","±0.4","(X)","(X)","597,911","±15,748","20.2%","±0.5","(X)","(X)","7,629,313","±73,884","19.6%","±0.2","(X)","(X)","741,108","±25,361","13.1%","±0.4","(X)","(X)","565,344","±16,387","16.1%","±0.5","(X)","(X)","138,647","±10,806","14.5%","±1.1","(X)","(X)","125,264","±8,604","18.0%","±1.2","(X)","(X)","2,478,477","±44,395","11.7%","±0.2","(X)","(X)","1,270,160","±28,343","12.2%","±0.3","(X)","(X)","172,503","±9,055","12.7%","±0.7","(X)","(X)","198,748","±10,960","11.3%","±0.6","(X)","(X)","1,800,549","±33,853","14.4%","±0.3","(X)","(X)","872,106","±23,503","13.2%","±0.4","(X)","(X)","431,629","±13,922","13.9%","±0.4","(X)","(X)","261,254","±10,553","9.2%","±0.4","(X)","(X)","862,212","±22,669","19.7%","±0.5","(X)","(X)","1,033,721","±23,860","22.8%","±0.5","(X)","(X)","149,518","±9,172","11.3%","±0.7","(X)","(X)","812,460","±22,385","13.7%","±0.4","(X)","(X)","1,034,251","±26,067","15.2%","±0.4","(X)","(X)","1,544,147","±25,624","15.6%","±0.3","(X)","(X)","729,890","±18,636","13.1%","±0.3","(X)","(X)","501,949","±17,679","17.3%","±0.6","(X)","(X)","625,692","±17,019","10.4%","±0.3","(X)","(X)","161,659","±7,594","15.3%","±0.7","(X)","(X)","166,901","±8,554","8.8%","±0.5","(X)","(X)","414,372","±15,214","13.6%","±0.5","(X)","(X)","132,433","±9,147","9.9%","±0.7","(X)","(X)","1,092,980","±25,518","12.5%","±0.3","(X)","(X)","521,269","±14,359","25.3%","±0.7","(X)","(X)","3,574,270","±45,723","18.6%","±0.2","(X)","(X)","1,344,975","±23,267","13.1%","±0.2","(X)","(X)","58,369","±6,366","7.8%","±0.9","(X)","(X)","1,773,744","±29,847","15.4%","±0.3","(X)","(X)","494,548","±11,930","12.8%","±0.3","(X)","(X)","644,277","±20,915","15.4%","±0.5","(X)","(X)","1,776,036","±27,958","14.1%","±0.2","(X)","(X)","135,580","±9,442","13.0%","±0.9","(X)","(X)","675,217","±19,993","13.4%","±0.4","(X)","(X)","78,069","±6,189","9.0%","±0.7","(X)","(X)","956,653","±26,382","14.2%","±0.4","(X)","(X)","3,424,073","±46,693","12.0%","±0.2","(X)","(X)","203,637","±11,518","6.4%","±0.4","(X)","(X)","101,862","±6,255","16.5%","±1.0","(X)","(X)","835,824","±24,449","10.1%","±0.3","(X)","(X)","1,122,907","±29,438","15.0%","±0.4","(X)","(X)","346,257","±13,615","19.7%","±0.8","(X)","(X)","656,733","±17,763","11.4%","±0.3","(X)","(X)","46,459","±4,847","8.2%","±0.8","(X)","(X)","1,067,394","±18,714","33.7%","±0.6"
"        VA health care coverage alone","(X)","(X)","14,208","±2,431","0.3%","±0.1","(X)","(X)","3,266","±1,025","0.5%","±0.1","(X)","(X)","24,756","±3,049","0.3%","±0.1","(X)","(X)","12,379","±2,200","0.4%","±0.1","(X)","(X)","76,664","±4,997","0.2%","±0.1","(X)","(X)","20,821","±2,871","0.4%","±0.1","(X)","(X)","6,205","±1,561","0.2%","±0.1","(X)","(X)","1,037","±456","0.1%","±0.1","(X)","(X)","963","±506","0.1%","±0.1","(X)","(X)","75,909","±6,869","0.4%","±0.1","(X)","(X)","43,444","±5,762","0.4%","±0.1","(X)","(X)","2,119","±856","0.2%","±0.1","(X)","(X)","5,885","±1,235","0.3%","±0.1","(X)","(X)","20,441","±2,361","0.2%","±0.1","(X)","(X)","18,965","±3,547","0.3%","±0.1","(X)","(X)","7,900","±1,560","0.3%","±0.1","(X)","(X)","6,878","±1,165","0.2%","±0.1","(X)","(X)","13,317","±2,554","0.3%","±0.1","(X)","(X)","10,973","±2,257","0.2%","±0.1","(X)","(X)","4,786","±1,383","0.4%","±0.1","(X)","(X)","9,657","±1,765","0.2%","±0.1","(X)","(X)","7,216","±1,503","0.1%","±0.1","(X)","(X)","19,149","±2,181","0.2%","±0.1","(X)","(X)","9,786","±1,431","0.2%","±0.1","(X)","(X)","9,407","±1,868","0.3%","±0.1","(X)","(X)","20,508","±2,513","0.3%","±0.1","(X)","(X)","4,918","±1,378","0.5%","±0.1","(X)","(X)","4,154","±924","0.2%","±0.1","(X)","(X)","11,133","±1,900","0.4%","±0.1","(X)","(X)","3,469","±959","0.3%","±0.1","(X)","(X)","8,801","±1,956","0.1%","±0.1","(X)","(X)","5,870","±1,816","0.3%","±0.1","(X)","(X)","23,540","±3,345","0.1%","±0.1","(X)","(X)","40,191","±4,117","0.4%","±0.1","(X)","(X)","1,478","±732","0.2%","±0.1","(X)","(X)","27,025","±3,364","0.2%","±0.1","(X)","(X)","16,572","±1,925","0.4%","±0.1","(X)","(X)","13,863","±2,312","0.3%","±0.1","(X)","(X)","24,900","±2,962","0.2%","±0.1","(X)","(X)","1,447","±753","0.1%","±0.1","(X)","(X)","17,117","±2,997","0.3%","±0.1","(X)","(X)","2,849","±689","0.3%","±0.1","(X)","(X)","25,181","±3,761","0.4%","±0.1","(X)","(X)","91,235","±7,328","0.3%","±0.1","(X)","(X)","4,097","±1,090","0.1%","±0.1","(X)","(X)","1,352","±475","0.2%","±0.1","(X)","(X)","37,389","±4,407","0.5%","±0.1","(X)","(X)","17,387","±2,630","0.2%","±0.1","(X)","(X)","9,076","±1,802","0.5%","±0.1","(X)","(X)","16,532","±2,288","0.3%","±0.1","(X)","(X)","1,767","±679","0.3%","±0.1","(X)","(X)","5,012","±1,347","0.2%","±0.1"